0,Straight_Fire_Finance.sol,0
15,Straight_Fire_Finance.sol,61.11
24,Straight_Fire_Finance.sol,61.11
34,Straight_Fire_Finance.sol,61.11
42,Straight_Fire_Finance.sol,61.11
51,Straight_Fire_Finance.sol,61.11
65,Straight_Fire_Finance.sol,61.11
80,Straight_Fire_Finance.sol,61.11
90,Straight_Fire_Finance.sol,61.11
106,Straight_Fire_Finance.sol,61.11
119,Straight_Fire_Finance.sol,61.11
131,Straight_Fire_Finance.sol,61.11
145,Straight_Fire_Finance.sol,61.11
165,Straight_Fire_Finance.sol,61.11
182,Straight_Fire_Finance.sol,61.11
191,Straight_Fire_Finance.sol,61.11
198,Straight_Fire_Finance.sol,61.11
203,Straight_Fire_Finance.sol,61.11
216,Straight_Fire_Finance.sol,61.11
229,Straight_Fire_Finance.sol,61.11
242,Straight_Fire_Finance.sol,61.11
247,Straight_Fire_Finance.sol,61.11
262,Straight_Fire_Finance.sol,61.11
273,Straight_Fire_Finance.sol,61.11
280,Straight_Fire_Finance.sol,61.11
288,Straight_Fire_Finance.sol,61.11
299,Straight_Fire_Finance.sol,61.11
311,Straight_Fire_Finance.sol,61.11
323,Straight_Fire_Finance.sol,61.11
331,Straight_Fire_Finance.sol,61.11
338,Straight_Fire_Finance.sol,61.11
344,Straight_Fire_Finance.sol,61.11
350,Straight_Fire_Finance.sol,61.11
358,Straight_Fire_Finance.sol,61.11
365,Straight_Fire_Finance.sol,61.11
376,Straight_Fire_Finance.sol,61.11
385,Straight_Fire_Finance.sol,61.11
391,Straight_Fire_Finance.sol,61.11
399,Straight_Fire_Finance.sol,61.11
412,Straight_Fire_Finance.sol,61.11
424,Straight_Fire_Finance.sol,61.11
434,Straight_Fire_Finance.sol,61.11
443,Straight_Fire_Finance.sol,61.11
450,Straight_Fire_Finance.sol,61.11
457,Straight_Fire_Finance.sol,61.11
464,Straight_Fire_Finance.sol,61.11
472,Straight_Fire_Finance.sol,61.11
487,Straight_Fire_Finance.sol,61.11
497,Straight_Fire_Finance.sol,61.11
508,Straight_Fire_Finance.sol,61.11
515,Straight_Fire_Finance.sol,61.11
523,Straight_Fire_Finance.sol,61.11
529,Straight_Fire_Finance.sol,61.11
537,Straight_Fire_Finance.sol,61.11
545,Straight_Fire_Finance.sol,61.11
554,Straight_Fire_Finance.sol,61.11
567,Straight_Fire_Finance.sol,61.11
574,Straight_Fire_Finance.sol,61.11
582,Straight_Fire_Finance.sol,61.11
591,Straight_Fire_Finance.sol,61.11
598,Straight_Fire_Finance.sol,61.11
607,Straight_Fire_Finance.sol,61.11
616,Straight_Fire_Finance.sol,61.11
623,Straight_Fire_Finance.sol,61.11
631,Straight_Fire_Finance.sol,61.11
640,Straight_Fire_Finance.sol,61.11
650,Straight_Fire_Finance.sol,61.11
660,Straight_Fire_Finance.sol,61.11
668,Straight_Fire_Finance.sol,61.11
678,Straight_Fire_Finance.sol,61.11
688,Straight_Fire_Finance.sol,61.11
696,Straight_Fire_Finance.sol,61.11
704,Straight_Fire_Finance.sol,61.11
713,Straight_Fire_Finance.sol,61.11
721,Straight_Fire_Finance.sol,61.11
730,Straight_Fire_Finance.sol,61.11
738,Straight_Fire_Finance.sol,61.11
746,Straight_Fire_Finance.sol,61.11
753,Straight_Fire_Finance.sol,61.11
762,Straight_Fire_Finance.sol,61.11
770,Straight_Fire_Finance.sol,61.11
780,Straight_Fire_Finance.sol,61.11
788,Straight_Fire_Finance.sol,61.11
796,Straight_Fire_Finance.sol,61.11
805,Straight_Fire_Finance.sol,61.11
815,Straight_Fire_Finance.sol,61.11
823,Straight_Fire_Finance.sol,61.11
831,Straight_Fire_Finance.sol,61.11
839,Straight_Fire_Finance.sol,61.11
848,Straight_Fire_Finance.sol,61.11
857,Straight_Fire_Finance.sol,61.11
868,Straight_Fire_Finance.sol,61.11
877,Straight_Fire_Finance.sol,61.11
886,Straight_Fire_Finance.sol,61.11
899,Straight_Fire_Finance.sol,61.11
908,Straight_Fire_Finance.sol,61.11
915,Straight_Fire_Finance.sol,61.11
927,Straight_Fire_Finance.sol,61.11
935,Straight_Fire_Finance.sol,61.11
944,Straight_Fire_Finance.sol,61.11
956,Straight_Fire_Finance.sol,61.11
967,Straight_Fire_Finance.sol,61.11
975,Straight_Fire_Finance.sol,61.11
984,Straight_Fire_Finance.sol,61.11
992,Straight_Fire_Finance.sol,61.11
1002,Straight_Fire_Finance.sol,61.11
1010,Straight_Fire_Finance.sol,61.11
1020,Straight_Fire_Finance.sol,61.11
1034,Straight_Fire_Finance.sol,61.11
1041,Straight_Fire_Finance.sol,61.11
1050,Straight_Fire_Finance.sol,61.11
1061,Straight_Fire_Finance.sol,61.11
1070,Straight_Fire_Finance.sol,61.11
1080,Straight_Fire_Finance.sol,61.11
1087,Straight_Fire_Finance.sol,61.11
1095,Straight_Fire_Finance.sol,61.11
1106,Straight_Fire_Finance.sol,61.11
1114,Straight_Fire_Finance.sol,61.11
1125,Straight_Fire_Finance.sol,61.11
1138,Straight_Fire_Finance.sol,61.11
1147,Straight_Fire_Finance.sol,61.11
1157,Straight_Fire_Finance.sol,61.11
1175,Straight_Fire_Finance.sol,61.11
1185,Straight_Fire_Finance.sol,61.11
1193,Straight_Fire_Finance.sol,61.11
1206,Straight_Fire_Finance.sol,61.11
1215,Straight_Fire_Finance.sol,61.11
1227,Straight_Fire_Finance.sol,61.11
1243,Straight_Fire_Finance.sol,61.11
1250,Straight_Fire_Finance.sol,61.11
1259,Straight_Fire_Finance.sol,61.11
1272,Straight_Fire_Finance.sol,61.11
1283,Straight_Fire_Finance.sol,61.11
1291,Straight_Fire_Finance.sol,61.11
1299,Straight_Fire_Finance.sol,61.11
1312,Straight_Fire_Finance.sol,61.11
1320,Straight_Fire_Finance.sol,61.11
1329,Straight_Fire_Finance.sol,61.11
1343,Straight_Fire_Finance.sol,61.11
1354,Straight_Fire_Finance.sol,61.11
1361,Straight_Fire_Finance.sol,61.11
1370,Straight_Fire_Finance.sol,61.11
1380,Straight_Fire_Finance.sol,61.11
1390,Straight_Fire_Finance.sol,61.11
1398,Straight_Fire_Finance.sol,61.11
1406,Straight_Fire_Finance.sol,61.11
1415,Straight_Fire_Finance.sol,61.11
1425,Straight_Fire_Finance.sol,61.11
1433,Straight_Fire_Finance.sol,61.11
1444,Straight_Fire_Finance.sol,61.11
1451,Straight_Fire_Finance.sol,61.11
1463,Straight_Fire_Finance.sol,61.11
1474,Straight_Fire_Finance.sol,61.11
1483,Straight_Fire_Finance.sol,61.11
1491,Straight_Fire_Finance.sol,61.11
1500,Straight_Fire_Finance.sol,61.11
1513,Straight_Fire_Finance.sol,61.11
1527,Straight_Fire_Finance.sol,61.11
1541,Straight_Fire_Finance.sol,61.11
1549,Straight_Fire_Finance.sol,61.11
1560,Straight_Fire_Finance.sol,61.11
1568,Straight_Fire_Finance.sol,61.11
1581,Straight_Fire_Finance.sol,61.11
1591,Straight_Fire_Finance.sol,61.11
1601,Straight_Fire_Finance.sol,61.11
1613,Straight_Fire_Finance.sol,61.11
1626,Straight_Fire_Finance.sol,61.11
1635,Straight_Fire_Finance.sol,61.11
1643,Straight_Fire_Finance.sol,61.11
1652,Straight_Fire_Finance.sol,61.11
1660,Straight_Fire_Finance.sol,61.11
1673,Straight_Fire_Finance.sol,61.11
1682,Straight_Fire_Finance.sol,61.11
1698,Straight_Fire_Finance.sol,61.11
1713,Straight_Fire_Finance.sol,61.11
1729,Straight_Fire_Finance.sol,61.11
1739,Straight_Fire_Finance.sol,61.11
1752,Straight_Fire_Finance.sol,61.11
1763,Straight_Fire_Finance.sol,61.11
1771,Straight_Fire_Finance.sol,61.11
1784,Straight_Fire_Finance.sol,61.11
1801,Straight_Fire_Finance.sol,61.11
