0,UniswapV2OracleExample.sol,0
5,UniswapV2OracleExample.sol,10
7,UniswapV2OracleExample.sol,10
9,UniswapV2OracleExample.sol,10
11,UniswapV2OracleExample.sol,10
14,UniswapV2OracleExample.sol,10
16,UniswapV2OracleExample.sol,10
18,UniswapV2OracleExample.sol,10
20,UniswapV2OracleExample.sol,10
22,UniswapV2OracleExample.sol,10
24,UniswapV2OracleExample.sol,10
27,UniswapV2OracleExample.sol,10
29,UniswapV2OracleExample.sol,10
31,UniswapV2OracleExample.sol,10
33,UniswapV2OracleExample.sol,10
35,UniswapV2OracleExample.sol,10
37,UniswapV2OracleExample.sol,10
39,UniswapV2OracleExample.sol,10
42,UniswapV2OracleExample.sol,10
44,UniswapV2OracleExample.sol,10
46,UniswapV2OracleExample.sol,10
48,UniswapV2OracleExample.sol,10
51,UniswapV2OracleExample.sol,10
53,UniswapV2OracleExample.sol,10
55,UniswapV2OracleExample.sol,10
57,UniswapV2OracleExample.sol,10
59,UniswapV2OracleExample.sol,10
61,UniswapV2OracleExample.sol,10
63,UniswapV2OracleExample.sol,10
65,UniswapV2OracleExample.sol,10
67,UniswapV2OracleExample.sol,10
70,UniswapV2OracleExample.sol,10
72,UniswapV2OracleExample.sol,10
75,UniswapV2OracleExample.sol,10
77,UniswapV2OracleExample.sol,10
79,UniswapV2OracleExample.sol,10
81,UniswapV2OracleExample.sol,10
83,UniswapV2OracleExample.sol,10
85,UniswapV2OracleExample.sol,10
87,UniswapV2OracleExample.sol,10
90,UniswapV2OracleExample.sol,10
92,UniswapV2OracleExample.sol,10
94,UniswapV2OracleExample.sol,10
96,UniswapV2OracleExample.sol,10
100,UniswapV2OracleExample.sol,10
101,UniswapV2OracleExample.sol,10
103,UniswapV2OracleExample.sol,10
105,UniswapV2OracleExample.sol,10
107,UniswapV2OracleExample.sol,10
109,UniswapV2OracleExample.sol,10
111,UniswapV2OracleExample.sol,10
114,UniswapV2OracleExample.sol,10
116,UniswapV2OracleExample.sol,10
118,UniswapV2OracleExample.sol,10
120,UniswapV2OracleExample.sol,10
123,UniswapV2OracleExample.sol,10
125,UniswapV2OracleExample.sol,10
127,UniswapV2OracleExample.sol,10
129,UniswapV2OracleExample.sol,10
131,UniswapV2OracleExample.sol,10
133,UniswapV2OracleExample.sol,10
135,UniswapV2OracleExample.sol,10
137,UniswapV2OracleExample.sol,10
140,UniswapV2OracleExample.sol,10
142,UniswapV2OracleExample.sol,10
144,UniswapV2OracleExample.sol,10
147,UniswapV2OracleExample.sol,10
151,UniswapV2OracleExample.sol,10
152,UniswapV2OracleExample.sol,10
154,UniswapV2OracleExample.sol,10
156,UniswapV2OracleExample.sol,10
158,UniswapV2OracleExample.sol,10
160,UniswapV2OracleExample.sol,10
162,UniswapV2OracleExample.sol,10
165,UniswapV2OracleExample.sol,10
166,UniswapV2OracleExample.sol,10
169,UniswapV2OracleExample.sol,10
171,UniswapV2OracleExample.sol,10
173,UniswapV2OracleExample.sol,10
175,UniswapV2OracleExample.sol,10
178,UniswapV2OracleExample.sol,10
180,UniswapV2OracleExample.sol,10
182,UniswapV2OracleExample.sol,10
185,UniswapV2OracleExample.sol,10
187,UniswapV2OracleExample.sol,10
189,UniswapV2OracleExample.sol,10
191,UniswapV2OracleExample.sol,10
193,UniswapV2OracleExample.sol,10
195,UniswapV2OracleExample.sol,10
197,UniswapV2OracleExample.sol,10
200,UniswapV2OracleExample.sol,10
202,UniswapV2OracleExample.sol,10
205,UniswapV2OracleExample.sol,10
207,UniswapV2OracleExample.sol,10
209,UniswapV2OracleExample.sol,10
212,UniswapV2OracleExample.sol,10
214,UniswapV2OracleExample.sol,10
218,UniswapV2OracleExample.sol,10
219,UniswapV2OracleExample.sol,10
221,UniswapV2OracleExample.sol,10
223,UniswapV2OracleExample.sol,10
225,UniswapV2OracleExample.sol,10
227,UniswapV2OracleExample.sol,10
230,UniswapV2OracleExample.sol,10
232,UniswapV2OracleExample.sol,10
235,UniswapV2OracleExample.sol,10
237,UniswapV2OracleExample.sol,10
239,UniswapV2OracleExample.sol,10
242,UniswapV2OracleExample.sol,10
244,UniswapV2OracleExample.sol,10
246,UniswapV2OracleExample.sol,10
250,UniswapV2OracleExample.sol,10
252,UniswapV2OracleExample.sol,10
254,UniswapV2OracleExample.sol,10
256,UniswapV2OracleExample.sol,10
258,UniswapV2OracleExample.sol,10
260,UniswapV2OracleExample.sol,10
262,UniswapV2OracleExample.sol,10
264,UniswapV2OracleExample.sol,10
267,UniswapV2OracleExample.sol,10
269,UniswapV2OracleExample.sol,10
272,UniswapV2OracleExample.sol,10
275,UniswapV2OracleExample.sol,10
277,UniswapV2OracleExample.sol,10
279,UniswapV2OracleExample.sol,10
282,UniswapV2OracleExample.sol,10
284,UniswapV2OracleExample.sol,10
286,UniswapV2OracleExample.sol,10
289,UniswapV2OracleExample.sol,10
291,UniswapV2OracleExample.sol,10
293,UniswapV2OracleExample.sol,10
295,UniswapV2OracleExample.sol,10
298,UniswapV2OracleExample.sol,10
300,UniswapV2OracleExample.sol,10
303,UniswapV2OracleExample.sol,10
305,UniswapV2OracleExample.sol,10
308,UniswapV2OracleExample.sol,10
310,UniswapV2OracleExample.sol,10
312,UniswapV2OracleExample.sol,10
315,UniswapV2OracleExample.sol,10
317,UniswapV2OracleExample.sol,10
319,UniswapV2OracleExample.sol,10
321,UniswapV2OracleExample.sol,10
322,UniswapV2OracleExample.sol,10
325,UniswapV2OracleExample.sol,10
327,UniswapV2OracleExample.sol,10
330,UniswapV2OracleExample.sol,10
333,UniswapV2OracleExample.sol,10
335,UniswapV2OracleExample.sol,10
338,UniswapV2OracleExample.sol,10
341,UniswapV2OracleExample.sol,10
344,UniswapV2OracleExample.sol,10
347,UniswapV2OracleExample.sol,10
349,UniswapV2OracleExample.sol,10
351,UniswapV2OracleExample.sol,10
354,UniswapV2OracleExample.sol,10
356,UniswapV2OracleExample.sol,10
359,UniswapV2OracleExample.sol,10
362,UniswapV2OracleExample.sol,10
365,UniswapV2OracleExample.sol,10
368,UniswapV2OracleExample.sol,10
371,UniswapV2OracleExample.sol,10
374,UniswapV2OracleExample.sol,10
376,UniswapV2OracleExample.sol,10
379,UniswapV2OracleExample.sol,10
381,UniswapV2OracleExample.sol,10
383,UniswapV2OracleExample.sol,10
386,UniswapV2OracleExample.sol,10
388,UniswapV2OracleExample.sol,10
392,UniswapV2OracleExample.sol,10
395,UniswapV2OracleExample.sol,10
398,UniswapV2OracleExample.sol,10
401,UniswapV2OracleExample.sol,10
403,UniswapV2OracleExample.sol,10
406,UniswapV2OracleExample.sol,10
409,UniswapV2OracleExample.sol,10
412,UniswapV2OracleExample.sol,10
414,UniswapV2OracleExample.sol,10
417,UniswapV2OracleExample.sol,10
421,UniswapV2OracleExample.sol,10
423,UniswapV2OracleExample.sol,10
426,UniswapV2OracleExample.sol,10
429,UniswapV2OracleExample.sol,10
431,UniswapV2OracleExample.sol,10
434,UniswapV2OracleExample.sol,10
437,UniswapV2OracleExample.sol,10
440,UniswapV2OracleExample.sol,10
443,UniswapV2OracleExample.sol,10
446,UniswapV2OracleExample.sol,10
449,UniswapV2OracleExample.sol,10
452,UniswapV2OracleExample.sol,10
455,UniswapV2OracleExample.sol,10
457,UniswapV2OracleExample.sol,10
461,UniswapV2OracleExample.sol,10
463,UniswapV2OracleExample.sol,10
467,UniswapV2OracleExample.sol,10
470,UniswapV2OracleExample.sol,10
473,UniswapV2OracleExample.sol,10
475,UniswapV2OracleExample.sol,10
478,UniswapV2OracleExample.sol,10
482,UniswapV2OracleExample.sol,10
485,UniswapV2OracleExample.sol,10
488,UniswapV2OracleExample.sol,10
490,UniswapV2OracleExample.sol,10
493,UniswapV2OracleExample.sol,10
496,UniswapV2OracleExample.sol,10
499,UniswapV2OracleExample.sol,10
502,UniswapV2OracleExample.sol,10
504,UniswapV2OracleExample.sol,10
507,UniswapV2OracleExample.sol,10
510,UniswapV2OracleExample.sol,10
514,UniswapV2OracleExample.sol,10
517,UniswapV2OracleExample.sol,10
519,UniswapV2OracleExample.sol,10
521,UniswapV2OracleExample.sol,10
523,UniswapV2OracleExample.sol,10
527,UniswapV2OracleExample.sol,10
530,UniswapV2OracleExample.sol,10
532,UniswapV2OracleExample.sol,10
535,UniswapV2OracleExample.sol,10
538,UniswapV2OracleExample.sol,10
541,UniswapV2OracleExample.sol,10
544,UniswapV2OracleExample.sol,10
547,UniswapV2OracleExample.sol,10
549,UniswapV2OracleExample.sol,10
551,UniswapV2OracleExample.sol,10
554,UniswapV2OracleExample.sol,10
556,UniswapV2OracleExample.sol,10
559,UniswapV2OracleExample.sol,10
562,UniswapV2OracleExample.sol,10
565,UniswapV2OracleExample.sol,10
568,UniswapV2OracleExample.sol,10
570,UniswapV2OracleExample.sol,10
574,UniswapV2OracleExample.sol,10
576,UniswapV2OracleExample.sol,10
580,UniswapV2OracleExample.sol,10
582,UniswapV2OracleExample.sol,10
585,UniswapV2OracleExample.sol,10
588,UniswapV2OracleExample.sol,10
591,UniswapV2OracleExample.sol,10
594,UniswapV2OracleExample.sol,10
596,UniswapV2OracleExample.sol,10
599,UniswapV2OracleExample.sol,10
602,UniswapV2OracleExample.sol,10
604,UniswapV2OracleExample.sol,10
608,UniswapV2OracleExample.sol,10
610,UniswapV2OracleExample.sol,10
614,UniswapV2OracleExample.sol,10
616,UniswapV2OracleExample.sol,10
619,UniswapV2OracleExample.sol,10
621,UniswapV2OracleExample.sol,10
624,UniswapV2OracleExample.sol,10
626,UniswapV2OracleExample.sol,10
629,UniswapV2OracleExample.sol,10
632,UniswapV2OracleExample.sol,10
635,UniswapV2OracleExample.sol,10
638,UniswapV2OracleExample.sol,10
641,UniswapV2OracleExample.sol,10
644,UniswapV2OracleExample.sol,10
647,UniswapV2OracleExample.sol,10
650,UniswapV2OracleExample.sol,10
653,UniswapV2OracleExample.sol,10
655,UniswapV2OracleExample.sol,10
658,UniswapV2OracleExample.sol,10
661,UniswapV2OracleExample.sol,10
664,UniswapV2OracleExample.sol,10
667,UniswapV2OracleExample.sol,10
670,UniswapV2OracleExample.sol,10
673,UniswapV2OracleExample.sol,10
676,UniswapV2OracleExample.sol,10
679,UniswapV2OracleExample.sol,10
681,UniswapV2OracleExample.sol,10
685,UniswapV2OracleExample.sol,10
687,UniswapV2OracleExample.sol,10
690,UniswapV2OracleExample.sol,10
692,UniswapV2OracleExample.sol,10
696,UniswapV2OracleExample.sol,10
698,UniswapV2OracleExample.sol,10
701,UniswapV2OracleExample.sol,10
705,UniswapV2OracleExample.sol,10
707,UniswapV2OracleExample.sol,10
709,UniswapV2OracleExample.sol,10
712,UniswapV2OracleExample.sol,10
714,UniswapV2OracleExample.sol,10
717,UniswapV2OracleExample.sol,10
720,UniswapV2OracleExample.sol,10
722,UniswapV2OracleExample.sol,10
724,UniswapV2OracleExample.sol,10
727,UniswapV2OracleExample.sol,10
729,UniswapV2OracleExample.sol,10
732,UniswapV2OracleExample.sol,10
734,UniswapV2OracleExample.sol,10
737,UniswapV2OracleExample.sol,10
739,UniswapV2OracleExample.sol,10
742,UniswapV2OracleExample.sol,10
745,UniswapV2OracleExample.sol,10
747,UniswapV2OracleExample.sol,10
751,UniswapV2OracleExample.sol,10
753,UniswapV2OracleExample.sol,10
755,UniswapV2OracleExample.sol,10
757,UniswapV2OracleExample.sol,10
759,UniswapV2OracleExample.sol,10
761,UniswapV2OracleExample.sol,10
764,UniswapV2OracleExample.sol,10
767,UniswapV2OracleExample.sol,10
770,UniswapV2OracleExample.sol,10
772,UniswapV2OracleExample.sol,10
775,UniswapV2OracleExample.sol,10
779,UniswapV2OracleExample.sol,10
784,UniswapV2OracleExample.sol,10
788,UniswapV2OracleExample.sol,10
790,UniswapV2OracleExample.sol,10
792,UniswapV2OracleExample.sol,10
794,UniswapV2OracleExample.sol,10
796,UniswapV2OracleExample.sol,10
798,UniswapV2OracleExample.sol,10
800,UniswapV2OracleExample.sol,10
803,UniswapV2OracleExample.sol,10
805,UniswapV2OracleExample.sol,10
808,UniswapV2OracleExample.sol,10
810,UniswapV2OracleExample.sol,10
812,UniswapV2OracleExample.sol,10
816,UniswapV2OracleExample.sol,10
818,UniswapV2OracleExample.sol,10
821,UniswapV2OracleExample.sol,10
824,UniswapV2OracleExample.sol,10
826,UniswapV2OracleExample.sol,10
828,UniswapV2OracleExample.sol,10
831,UniswapV2OracleExample.sol,10
833,UniswapV2OracleExample.sol,10
836,UniswapV2OracleExample.sol,10
838,UniswapV2OracleExample.sol,10
841,UniswapV2OracleExample.sol,10
843,UniswapV2OracleExample.sol,10
847,UniswapV2OracleExample.sol,10
850,UniswapV2OracleExample.sol,10
852,UniswapV2OracleExample.sol,10
854,UniswapV2OracleExample.sol,10
856,UniswapV2OracleExample.sol,10
858,UniswapV2OracleExample.sol,10
860,UniswapV2OracleExample.sol,10
862,UniswapV2OracleExample.sol,10
865,UniswapV2OracleExample.sol,10
867,UniswapV2OracleExample.sol,10
870,UniswapV2OracleExample.sol,10
873,UniswapV2OracleExample.sol,10
876,UniswapV2OracleExample.sol,10
877,UniswapV2OracleExample.sol,10
879,UniswapV2OracleExample.sol,10
882,UniswapV2OracleExample.sol,10
884,UniswapV2OracleExample.sol,10
886,UniswapV2OracleExample.sol,10
888,UniswapV2OracleExample.sol,10
891,UniswapV2OracleExample.sol,10
894,UniswapV2OracleExample.sol,10
896,UniswapV2OracleExample.sol,10
898,UniswapV2OracleExample.sol,10
900,UniswapV2OracleExample.sol,10
0,IUniswapV2.sol,0
1,IUniswapV2.sol,0
2,IUniswapV2.sol,0
3,IUniswapV2.sol,0
4,IUniswapV2.sol,0
5,IUniswapV2.sol,0
6,IUniswapV2.sol,0
7,IUniswapV2.sol,0
9,IUniswapV2.sol,0
10,IUniswapV2.sol,0
11,IUniswapV2.sol,0
12,IUniswapV2.sol,0
13,IUniswapV2.sol,0
14,IUniswapV2.sol,0
15,IUniswapV2.sol,0
16,IUniswapV2.sol,0
17,IUniswapV2.sol,0
19,IUniswapV2.sol,0
20,IUniswapV2.sol,0
21,IUniswapV2.sol,0
22,IUniswapV2.sol,0
23,IUniswapV2.sol,0
24,IUniswapV2.sol,0
25,IUniswapV2.sol,0
26,IUniswapV2.sol,0
27,IUniswapV2.sol,0
28,IUniswapV2.sol,0
29,IUniswapV2.sol,0
30,IUniswapV2.sol,0
31,IUniswapV2.sol,0
32,IUniswapV2.sol,0
34,IUniswapV2.sol,0
35,IUniswapV2.sol,0
36,IUniswapV2.sol,0
37,IUniswapV2.sol,0
38,IUniswapV2.sol,0
39,IUniswapV2.sol,0
40,IUniswapV2.sol,0
41,IUniswapV2.sol,0
42,IUniswapV2.sol,0
43,IUniswapV2.sol,0
44,IUniswapV2.sol,0
45,IUniswapV2.sol,0
46,IUniswapV2.sol,0
47,IUniswapV2.sol,0
48,IUniswapV2.sol,0
49,IUniswapV2.sol,0
50,IUniswapV2.sol,0
51,IUniswapV2.sol,0
52,IUniswapV2.sol,0
53,IUniswapV2.sol,0
54,IUniswapV2.sol,0
55,IUniswapV2.sol,0
57,IUniswapV2.sol,0
58,IUniswapV2.sol,0
59,IUniswapV2.sol,0
60,IUniswapV2.sol,0
61,IUniswapV2.sol,0
62,IUniswapV2.sol,0
63,IUniswapV2.sol,0
64,IUniswapV2.sol,0
65,IUniswapV2.sol,0
66,IUniswapV2.sol,0
67,IUniswapV2.sol,0
69,IUniswapV2.sol,0
70,IUniswapV2.sol,0
72,IUniswapV2.sol,0
73,IUniswapV2.sol,0
74,IUniswapV2.sol,0
75,IUniswapV2.sol,0
76,IUniswapV2.sol,0
77,IUniswapV2.sol,0
78,IUniswapV2.sol,0
79,IUniswapV2.sol,0
80,IUniswapV2.sol,0
81,IUniswapV2.sol,0
82,IUniswapV2.sol,0
83,IUniswapV2.sol,0
84,IUniswapV2.sol,0
86,IUniswapV2.sol,0
87,IUniswapV2.sol,0
88,IUniswapV2.sol,0
89,IUniswapV2.sol,0
90,IUniswapV2.sol,0
91,IUniswapV2.sol,0
93,IUniswapV2.sol,0
94,IUniswapV2.sol,0
95,IUniswapV2.sol,0
96,IUniswapV2.sol,0
97,IUniswapV2.sol,0
98,IUniswapV2.sol,0
99,IUniswapV2.sol,0
100,IUniswapV2.sol,0
101,IUniswapV2.sol,0
102,IUniswapV2.sol,0
103,IUniswapV2.sol,0
104,IUniswapV2.sol,0
105,IUniswapV2.sol,0
107,IUniswapV2.sol,0
108,IUniswapV2.sol,0
109,IUniswapV2.sol,0
110,IUniswapV2.sol,0
111,IUniswapV2.sol,0
112,IUniswapV2.sol,0
113,IUniswapV2.sol,0
114,IUniswapV2.sol,0
115,IUniswapV2.sol,0
116,IUniswapV2.sol,0
117,IUniswapV2.sol,0
118,IUniswapV2.sol,0
119,IUniswapV2.sol,0
120,IUniswapV2.sol,0
121,IUniswapV2.sol,0
122,IUniswapV2.sol,0
124,IUniswapV2.sol,0
125,IUniswapV2.sol,0
126,IUniswapV2.sol,0
127,IUniswapV2.sol,0
128,IUniswapV2.sol,0
129,IUniswapV2.sol,0
130,IUniswapV2.sol,0
131,IUniswapV2.sol,0
132,IUniswapV2.sol,0
133,IUniswapV2.sol,0
134,IUniswapV2.sol,0
135,IUniswapV2.sol,0
136,IUniswapV2.sol,0
137,IUniswapV2.sol,0
138,IUniswapV2.sol,0
139,IUniswapV2.sol,0
140,IUniswapV2.sol,0
141,IUniswapV2.sol,0
142,IUniswapV2.sol,0
144,IUniswapV2.sol,0
145,IUniswapV2.sol,0
146,IUniswapV2.sol,0
147,IUniswapV2.sol,0
148,IUniswapV2.sol,0
149,IUniswapV2.sol,0
150,IUniswapV2.sol,0
151,IUniswapV2.sol,0
152,IUniswapV2.sol,0
153,IUniswapV2.sol,0
154,IUniswapV2.sol,0
155,IUniswapV2.sol,0
156,IUniswapV2.sol,0
157,IUniswapV2.sol,0
159,IUniswapV2.sol,0
160,IUniswapV2.sol,0
162,IUniswapV2.sol,0
163,IUniswapV2.sol,0
164,IUniswapV2.sol,0
165,IUniswapV2.sol,0
166,IUniswapV2.sol,0
167,IUniswapV2.sol,0
168,IUniswapV2.sol,0
169,IUniswapV2.sol,0
170,IUniswapV2.sol,0
171,IUniswapV2.sol,0
172,IUniswapV2.sol,0
174,IUniswapV2.sol,0
175,IUniswapV2.sol,0
176,IUniswapV2.sol,0
177,IUniswapV2.sol,0
179,IUniswapV2.sol,0
180,IUniswapV2.sol,0
182,IUniswapV2.sol,0
183,IUniswapV2.sol,0
184,IUniswapV2.sol,0
185,IUniswapV2.sol,0
186,IUniswapV2.sol,0
187,IUniswapV2.sol,0
188,IUniswapV2.sol,0
189,IUniswapV2.sol,0
190,IUniswapV2.sol,0
191,IUniswapV2.sol,0
193,IUniswapV2.sol,0
194,IUniswapV2.sol,0
195,IUniswapV2.sol,0
196,IUniswapV2.sol,0
197,IUniswapV2.sol,0
198,IUniswapV2.sol,0
199,IUniswapV2.sol,0
201,IUniswapV2.sol,0
202,IUniswapV2.sol,0
203,IUniswapV2.sol,0
204,IUniswapV2.sol,0
205,IUniswapV2.sol,0
206,IUniswapV2.sol,0
207,IUniswapV2.sol,0
208,IUniswapV2.sol,0
209,IUniswapV2.sol,0
210,IUniswapV2.sol,0
211,IUniswapV2.sol,0
212,IUniswapV2.sol,0
213,IUniswapV2.sol,0
214,IUniswapV2.sol,0
215,IUniswapV2.sol,0
216,IUniswapV2.sol,0
217,IUniswapV2.sol,0
218,IUniswapV2.sol,0
219,IUniswapV2.sol,0
220,IUniswapV2.sol,0
221,IUniswapV2.sol,0
222,IUniswapV2.sol,0
223,IUniswapV2.sol,0
224,IUniswapV2.sol,0
225,IUniswapV2.sol,0
226,IUniswapV2.sol,0
227,IUniswapV2.sol,0
229,IUniswapV2.sol,0
230,IUniswapV2.sol,0
231,IUniswapV2.sol,0
232,IUniswapV2.sol,0
233,IUniswapV2.sol,0
234,IUniswapV2.sol,0
235,IUniswapV2.sol,0
236,IUniswapV2.sol,0
237,IUniswapV2.sol,0
238,IUniswapV2.sol,0
239,IUniswapV2.sol,0
240,IUniswapV2.sol,0
241,IUniswapV2.sol,0
242,IUniswapV2.sol,0
243,IUniswapV2.sol,0
244,IUniswapV2.sol,0
245,IUniswapV2.sol,0
246,IUniswapV2.sol,0
247,IUniswapV2.sol,0
248,IUniswapV2.sol,0
249,IUniswapV2.sol,0
250,IUniswapV2.sol,0
251,IUniswapV2.sol,0
252,IUniswapV2.sol,0
253,IUniswapV2.sol,0
254,IUniswapV2.sol,0
255,IUniswapV2.sol,0
256,IUniswapV2.sol,0
257,IUniswapV2.sol,0
258,IUniswapV2.sol,0
259,IUniswapV2.sol,0
260,IUniswapV2.sol,0
261,IUniswapV2.sol,0
262,IUniswapV2.sol,0
264,IUniswapV2.sol,0
265,IUniswapV2.sol,0
266,IUniswapV2.sol,0
267,IUniswapV2.sol,0
268,IUniswapV2.sol,0
269,IUniswapV2.sol,0
270,IUniswapV2.sol,0
271,IUniswapV2.sol,0
272,IUniswapV2.sol,0
274,IUniswapV2.sol,0
275,IUniswapV2.sol,0
276,IUniswapV2.sol,0
277,IUniswapV2.sol,0
278,IUniswapV2.sol,0
279,IUniswapV2.sol,0
280,IUniswapV2.sol,0
281,IUniswapV2.sol,0
282,IUniswapV2.sol,0
283,IUniswapV2.sol,0
284,IUniswapV2.sol,0
285,IUniswapV2.sol,0
286,IUniswapV2.sol,0
287,IUniswapV2.sol,0
288,IUniswapV2.sol,0
289,IUniswapV2.sol,0
291,IUniswapV2.sol,0
292,IUniswapV2.sol,0
293,IUniswapV2.sol,0
294,IUniswapV2.sol,0
295,IUniswapV2.sol,0
296,IUniswapV2.sol,0
297,IUniswapV2.sol,0
298,IUniswapV2.sol,0
299,IUniswapV2.sol,0
300,IUniswapV2.sol,0
301,IUniswapV2.sol,0
302,IUniswapV2.sol,0
303,IUniswapV2.sol,0
304,IUniswapV2.sol,0
305,IUniswapV2.sol,0
306,IUniswapV2.sol,0
307,IUniswapV2.sol,0
308,IUniswapV2.sol,0
309,IUniswapV2.sol,0
310,IUniswapV2.sol,0
311,IUniswapV2.sol,0
312,IUniswapV2.sol,0
313,IUniswapV2.sol,0
315,IUniswapV2.sol,0
317,IUniswapV2.sol,0
318,IUniswapV2.sol,0
319,IUniswapV2.sol,0
320,IUniswapV2.sol,0
321,IUniswapV2.sol,0
322,IUniswapV2.sol,0
323,IUniswapV2.sol,0
325,IUniswapV2.sol,0
326,IUniswapV2.sol,0
328,IUniswapV2.sol,0
329,IUniswapV2.sol,0
330,IUniswapV2.sol,0
331,IUniswapV2.sol,0
332,IUniswapV2.sol,0
333,IUniswapV2.sol,0
334,IUniswapV2.sol,0
335,IUniswapV2.sol,0
336,IUniswapV2.sol,0
337,IUniswapV2.sol,0
338,IUniswapV2.sol,0
339,IUniswapV2.sol,0
340,IUniswapV2.sol,0
341,IUniswapV2.sol,0
342,IUniswapV2.sol,0
343,IUniswapV2.sol,0
344,IUniswapV2.sol,0
345,IUniswapV2.sol,0
346,IUniswapV2.sol,0
347,IUniswapV2.sol,0
348,IUniswapV2.sol,0
350,IUniswapV2.sol,0
351,IUniswapV2.sol,0
352,IUniswapV2.sol,0
353,IUniswapV2.sol,0
354,IUniswapV2.sol,0
355,IUniswapV2.sol,0
356,IUniswapV2.sol,0
357,IUniswapV2.sol,0
358,IUniswapV2.sol,0
359,IUniswapV2.sol,0
360,IUniswapV2.sol,0
362,IUniswapV2.sol,0
363,IUniswapV2.sol,0
364,IUniswapV2.sol,0
365,IUniswapV2.sol,0
366,IUniswapV2.sol,0
367,IUniswapV2.sol,0
368,IUniswapV2.sol,0
369,IUniswapV2.sol,0
370,IUniswapV2.sol,0
371,IUniswapV2.sol,0
372,IUniswapV2.sol,0
374,IUniswapV2.sol,0
375,IUniswapV2.sol,0
376,IUniswapV2.sol,0
377,IUniswapV2.sol,0
378,IUniswapV2.sol,0
379,IUniswapV2.sol,0
380,IUniswapV2.sol,0
381,IUniswapV2.sol,0
382,IUniswapV2.sol,0
383,IUniswapV2.sol,0
384,IUniswapV2.sol,0
385,IUniswapV2.sol,0
386,IUniswapV2.sol,0
388,IUniswapV2.sol,0
389,IUniswapV2.sol,0
390,IUniswapV2.sol,0
391,IUniswapV2.sol,0
392,IUniswapV2.sol,0
393,IUniswapV2.sol,0
394,IUniswapV2.sol,0
395,IUniswapV2.sol,0
396,IUniswapV2.sol,0
397,IUniswapV2.sol,0
399,IUniswapV2.sol,0
401,IUniswapV2.sol,0
402,IUniswapV2.sol,0
403,IUniswapV2.sol,0
404,IUniswapV2.sol,0
405,IUniswapV2.sol,0
406,IUniswapV2.sol,0
408,IUniswapV2.sol,0
409,IUniswapV2.sol,0
410,IUniswapV2.sol,0
411,IUniswapV2.sol,0
412,IUniswapV2.sol,0
413,IUniswapV2.sol,0
414,IUniswapV2.sol,0
415,IUniswapV2.sol,0
416,IUniswapV2.sol,0
417,IUniswapV2.sol,0
418,IUniswapV2.sol,0
419,IUniswapV2.sol,0
420,IUniswapV2.sol,0
421,IUniswapV2.sol,0
422,IUniswapV2.sol,0
423,IUniswapV2.sol,0
424,IUniswapV2.sol,0
425,IUniswapV2.sol,0
426,IUniswapV2.sol,0
427,IUniswapV2.sol,0
428,IUniswapV2.sol,0
429,IUniswapV2.sol,0
430,IUniswapV2.sol,0
431,IUniswapV2.sol,0
432,IUniswapV2.sol,0
433,IUniswapV2.sol,0
434,IUniswapV2.sol,0
436,IUniswapV2.sol,0
437,IUniswapV2.sol,0
438,IUniswapV2.sol,0
439,IUniswapV2.sol,0
440,IUniswapV2.sol,0
441,IUniswapV2.sol,0
442,IUniswapV2.sol,0
443,IUniswapV2.sol,0
444,IUniswapV2.sol,0
445,IUniswapV2.sol,0
446,IUniswapV2.sol,0
447,IUniswapV2.sol,0
448,IUniswapV2.sol,0
449,IUniswapV2.sol,0
450,IUniswapV2.sol,0
451,IUniswapV2.sol,0
452,IUniswapV2.sol,0
453,IUniswapV2.sol,0
455,IUniswapV2.sol,0
456,IUniswapV2.sol,0
457,IUniswapV2.sol,0
458,IUniswapV2.sol,0
459,IUniswapV2.sol,0
460,IUniswapV2.sol,0
461,IUniswapV2.sol,0
462,IUniswapV2.sol,0
463,IUniswapV2.sol,0
464,IUniswapV2.sol,0
465,IUniswapV2.sol,0
466,IUniswapV2.sol,0
467,IUniswapV2.sol,0
469,IUniswapV2.sol,0
470,IUniswapV2.sol,0
471,IUniswapV2.sol,0
473,IUniswapV2.sol,0
474,IUniswapV2.sol,0
475,IUniswapV2.sol,0
476,IUniswapV2.sol,0
477,IUniswapV2.sol,0
478,IUniswapV2.sol,0
479,IUniswapV2.sol,0
480,IUniswapV2.sol,0
481,IUniswapV2.sol,0
482,IUniswapV2.sol,0
483,IUniswapV2.sol,0
484,IUniswapV2.sol,0
485,IUniswapV2.sol,0
486,IUniswapV2.sol,0
487,IUniswapV2.sol,0
489,IUniswapV2.sol,0
490,IUniswapV2.sol,0
491,IUniswapV2.sol,0
492,IUniswapV2.sol,0
493,IUniswapV2.sol,0
495,IUniswapV2.sol,0
496,IUniswapV2.sol,0
497,IUniswapV2.sol,0
498,IUniswapV2.sol,0
499,IUniswapV2.sol,0
500,IUniswapV2.sol,0
501,IUniswapV2.sol,0
502,IUniswapV2.sol,0
503,IUniswapV2.sol,0
504,IUniswapV2.sol,0
505,IUniswapV2.sol,0
506,IUniswapV2.sol,0
507,IUniswapV2.sol,0
508,IUniswapV2.sol,0
509,IUniswapV2.sol,0
510,IUniswapV2.sol,0
511,IUniswapV2.sol,0
513,IUniswapV2.sol,0
514,IUniswapV2.sol,0
515,IUniswapV2.sol,0
516,IUniswapV2.sol,0
517,IUniswapV2.sol,0
519,IUniswapV2.sol,0
520,IUniswapV2.sol,0
521,IUniswapV2.sol,0
522,IUniswapV2.sol,0
523,IUniswapV2.sol,0
524,IUniswapV2.sol,0
525,IUniswapV2.sol,0
526,IUniswapV2.sol,0
527,IUniswapV2.sol,0
528,IUniswapV2.sol,0
529,IUniswapV2.sol,0
530,IUniswapV2.sol,0
531,IUniswapV2.sol,0
532,IUniswapV2.sol,0
533,IUniswapV2.sol,0
534,IUniswapV2.sol,0
535,IUniswapV2.sol,0
536,IUniswapV2.sol,0
537,IUniswapV2.sol,0
538,IUniswapV2.sol,0
539,IUniswapV2.sol,0
540,IUniswapV2.sol,0
541,IUniswapV2.sol,0
542,IUniswapV2.sol,0
543,IUniswapV2.sol,0
544,IUniswapV2.sol,0
545,IUniswapV2.sol,0
547,IUniswapV2.sol,0
548,IUniswapV2.sol,0
549,IUniswapV2.sol,0
550,IUniswapV2.sol,0
551,IUniswapV2.sol,0
552,IUniswapV2.sol,0
554,IUniswapV2.sol,0
555,IUniswapV2.sol,0
556,IUniswapV2.sol,0
557,IUniswapV2.sol,0
558,IUniswapV2.sol,0
559,IUniswapV2.sol,0
560,IUniswapV2.sol,0
561,IUniswapV2.sol,0
562,IUniswapV2.sol,0
563,IUniswapV2.sol,0
564,IUniswapV2.sol,0
565,IUniswapV2.sol,0
566,IUniswapV2.sol,0
567,IUniswapV2.sol,0
568,IUniswapV2.sol,0
569,IUniswapV2.sol,0
570,IUniswapV2.sol,0
571,IUniswapV2.sol,0
572,IUniswapV2.sol,0
573,IUniswapV2.sol,0
575,IUniswapV2.sol,0
576,IUniswapV2.sol,0
577,IUniswapV2.sol,0
578,IUniswapV2.sol,0
579,IUniswapV2.sol,0
580,IUniswapV2.sol,0
581,IUniswapV2.sol,0
582,IUniswapV2.sol,0
583,IUniswapV2.sol,0
584,IUniswapV2.sol,0
585,IUniswapV2.sol,0
587,IUniswapV2.sol,0
588,IUniswapV2.sol,0
589,IUniswapV2.sol,0
591,IUniswapV2.sol,0
592,IUniswapV2.sol,0
593,IUniswapV2.sol,0
594,IUniswapV2.sol,0
595,IUniswapV2.sol,0
596,IUniswapV2.sol,0
597,IUniswapV2.sol,0
598,IUniswapV2.sol,0
599,IUniswapV2.sol,0
600,IUniswapV2.sol,0
601,IUniswapV2.sol,0
602,IUniswapV2.sol,0
604,IUniswapV2.sol,0
605,IUniswapV2.sol,0
606,IUniswapV2.sol,0
607,IUniswapV2.sol,0
608,IUniswapV2.sol,0
609,IUniswapV2.sol,0
610,IUniswapV2.sol,0
611,IUniswapV2.sol,0
612,IUniswapV2.sol,0
613,IUniswapV2.sol,0
614,IUniswapV2.sol,0
615,IUniswapV2.sol,0
616,IUniswapV2.sol,0
617,IUniswapV2.sol,0
618,IUniswapV2.sol,0
619,IUniswapV2.sol,0
620,IUniswapV2.sol,0
621,IUniswapV2.sol,0
623,IUniswapV2.sol,0
624,IUniswapV2.sol,0
625,IUniswapV2.sol,0
626,IUniswapV2.sol,0
627,IUniswapV2.sol,0
628,IUniswapV2.sol,0
629,IUniswapV2.sol,0
630,IUniswapV2.sol,0
631,IUniswapV2.sol,0
633,IUniswapV2.sol,0
634,IUniswapV2.sol,0
635,IUniswapV2.sol,0
636,IUniswapV2.sol,0
637,IUniswapV2.sol,0
638,IUniswapV2.sol,0
639,IUniswapV2.sol,0
640,IUniswapV2.sol,0
641,IUniswapV2.sol,0
642,IUniswapV2.sol,0
643,IUniswapV2.sol,0
644,IUniswapV2.sol,0
645,IUniswapV2.sol,0
646,IUniswapV2.sol,0
647,IUniswapV2.sol,0
648,IUniswapV2.sol,0
649,IUniswapV2.sol,0
650,IUniswapV2.sol,0
651,IUniswapV2.sol,0
652,IUniswapV2.sol,0
653,IUniswapV2.sol,0
654,IUniswapV2.sol,0
655,IUniswapV2.sol,0
656,IUniswapV2.sol,0
657,IUniswapV2.sol,0
658,IUniswapV2.sol,0
659,IUniswapV2.sol,0
660,IUniswapV2.sol,0
662,IUniswapV2.sol,0
663,IUniswapV2.sol,0
664,IUniswapV2.sol,0
665,IUniswapV2.sol,0
666,IUniswapV2.sol,0
667,IUniswapV2.sol,0
668,IUniswapV2.sol,0
669,IUniswapV2.sol,0
670,IUniswapV2.sol,0
671,IUniswapV2.sol,0
672,IUniswapV2.sol,0
673,IUniswapV2.sol,0
674,IUniswapV2.sol,0
675,IUniswapV2.sol,0
676,IUniswapV2.sol,0
677,IUniswapV2.sol,0
678,IUniswapV2.sol,0
679,IUniswapV2.sol,0
680,IUniswapV2.sol,0
682,IUniswapV2.sol,0
683,IUniswapV2.sol,0
684,IUniswapV2.sol,0
685,IUniswapV2.sol,0
686,IUniswapV2.sol,0
687,IUniswapV2.sol,0
688,IUniswapV2.sol,0
689,IUniswapV2.sol,0
691,IUniswapV2.sol,0
692,IUniswapV2.sol,0
693,IUniswapV2.sol,0
694,IUniswapV2.sol,0
695,IUniswapV2.sol,0
696,IUniswapV2.sol,0
697,IUniswapV2.sol,0
698,IUniswapV2.sol,0
699,IUniswapV2.sol,0
700,IUniswapV2.sol,0
701,IUniswapV2.sol,0
702,IUniswapV2.sol,0
703,IUniswapV2.sol,0
704,IUniswapV2.sol,0
705,IUniswapV2.sol,0
706,IUniswapV2.sol,0
707,IUniswapV2.sol,0
708,IUniswapV2.sol,0
709,IUniswapV2.sol,0
710,IUniswapV2.sol,0
711,IUniswapV2.sol,0
712,IUniswapV2.sol,0
713,IUniswapV2.sol,0
714,IUniswapV2.sol,0
716,IUniswapV2.sol,0
717,IUniswapV2.sol,0
718,IUniswapV2.sol,0
719,IUniswapV2.sol,0
720,IUniswapV2.sol,0
721,IUniswapV2.sol,0
722,IUniswapV2.sol,0
723,IUniswapV2.sol,0
724,IUniswapV2.sol,0
725,IUniswapV2.sol,0
726,IUniswapV2.sol,0
727,IUniswapV2.sol,0
728,IUniswapV2.sol,0
729,IUniswapV2.sol,0
730,IUniswapV2.sol,0
731,IUniswapV2.sol,0
732,IUniswapV2.sol,0
733,IUniswapV2.sol,0
734,IUniswapV2.sol,0
735,IUniswapV2.sol,0
736,IUniswapV2.sol,0
737,IUniswapV2.sol,0
738,IUniswapV2.sol,0
739,IUniswapV2.sol,0
740,IUniswapV2.sol,0
741,IUniswapV2.sol,0
742,IUniswapV2.sol,0
744,IUniswapV2.sol,0
745,IUniswapV2.sol,0
746,IUniswapV2.sol,0
747,IUniswapV2.sol,0
748,IUniswapV2.sol,0
750,IUniswapV2.sol,0
751,IUniswapV2.sol,0
752,IUniswapV2.sol,0
753,IUniswapV2.sol,0
754,IUniswapV2.sol,0
755,IUniswapV2.sol,0
756,IUniswapV2.sol,0
757,IUniswapV2.sol,0
759,IUniswapV2.sol,0
760,IUniswapV2.sol,0
761,IUniswapV2.sol,0
762,IUniswapV2.sol,0
763,IUniswapV2.sol,0
764,IUniswapV2.sol,0
765,IUniswapV2.sol,0
766,IUniswapV2.sol,0
767,IUniswapV2.sol,0
768,IUniswapV2.sol,0
769,IUniswapV2.sol,0
770,IUniswapV2.sol,0
771,IUniswapV2.sol,0
772,IUniswapV2.sol,0
773,IUniswapV2.sol,0
774,IUniswapV2.sol,0
775,IUniswapV2.sol,0
776,IUniswapV2.sol,0
778,IUniswapV2.sol,0
779,IUniswapV2.sol,0
780,IUniswapV2.sol,0
781,IUniswapV2.sol,0
782,IUniswapV2.sol,0
783,IUniswapV2.sol,0
784,IUniswapV2.sol,0
785,IUniswapV2.sol,0
786,IUniswapV2.sol,0
788,IUniswapV2.sol,0
789,IUniswapV2.sol,0
790,IUniswapV2.sol,0
791,IUniswapV2.sol,0
792,IUniswapV2.sol,0
793,IUniswapV2.sol,0
794,IUniswapV2.sol,0
795,IUniswapV2.sol,0
796,IUniswapV2.sol,0
797,IUniswapV2.sol,0
798,IUniswapV2.sol,0
799,IUniswapV2.sol,0
800,IUniswapV2.sol,0
801,IUniswapV2.sol,0
802,IUniswapV2.sol,0
803,IUniswapV2.sol,0
804,IUniswapV2.sol,0
805,IUniswapV2.sol,0
806,IUniswapV2.sol,0
807,IUniswapV2.sol,0
808,IUniswapV2.sol,0
809,IUniswapV2.sol,0
810,IUniswapV2.sol,0
812,IUniswapV2.sol,0
813,IUniswapV2.sol,0
814,IUniswapV2.sol,0
815,IUniswapV2.sol,0
816,IUniswapV2.sol,0
817,IUniswapV2.sol,0
818,IUniswapV2.sol,0
819,IUniswapV2.sol,0
820,IUniswapV2.sol,0
821,IUniswapV2.sol,0
822,IUniswapV2.sol,0
823,IUniswapV2.sol,0
824,IUniswapV2.sol,0
825,IUniswapV2.sol,0
826,IUniswapV2.sol,0
827,IUniswapV2.sol,0
828,IUniswapV2.sol,0
829,IUniswapV2.sol,0
830,IUniswapV2.sol,0
831,IUniswapV2.sol,0
833,IUniswapV2.sol,0
834,IUniswapV2.sol,0
835,IUniswapV2.sol,0
836,IUniswapV2.sol,0
837,IUniswapV2.sol,0
838,IUniswapV2.sol,0
839,IUniswapV2.sol,0
840,IUniswapV2.sol,0
842,IUniswapV2.sol,0
843,IUniswapV2.sol,0
844,IUniswapV2.sol,0
845,IUniswapV2.sol,0
846,IUniswapV2.sol,0
847,IUniswapV2.sol,0
849,IUniswapV2.sol,0
850,IUniswapV2.sol,0
851,IUniswapV2.sol,0
852,IUniswapV2.sol,0
854,IUniswapV2.sol,0
855,IUniswapV2.sol,0
856,IUniswapV2.sol,0
857,IUniswapV2.sol,0
858,IUniswapV2.sol,0
859,IUniswapV2.sol,0
860,IUniswapV2.sol,0
861,IUniswapV2.sol,0
862,IUniswapV2.sol,0
863,IUniswapV2.sol,0
864,IUniswapV2.sol,0
865,IUniswapV2.sol,0
866,IUniswapV2.sol,0
867,IUniswapV2.sol,0
868,IUniswapV2.sol,0
869,IUniswapV2.sol,0
870,IUniswapV2.sol,0
871,IUniswapV2.sol,0
872,IUniswapV2.sol,0
873,IUniswapV2.sol,0
874,IUniswapV2.sol,0
875,IUniswapV2.sol,0
876,IUniswapV2.sol,0
877,IUniswapV2.sol,0
878,IUniswapV2.sol,0
879,IUniswapV2.sol,0
880,IUniswapV2.sol,0
881,IUniswapV2.sol,0
882,IUniswapV2.sol,0
883,IUniswapV2.sol,0
885,IUniswapV2.sol,0
886,IUniswapV2.sol,0
887,IUniswapV2.sol,0
888,IUniswapV2.sol,0
889,IUniswapV2.sol,0
890,IUniswapV2.sol,0
891,IUniswapV2.sol,0
892,IUniswapV2.sol,0
893,IUniswapV2.sol,0
894,IUniswapV2.sol,0
896,IUniswapV2.sol,0
897,IUniswapV2.sol,0
898,IUniswapV2.sol,0
899,IUniswapV2.sol,0
900,IUniswapV2.sol,0
0,IUniswapV2Factory.sol,0
1,IUniswapV2Factory.sol,0
2,IUniswapV2Factory.sol,0
4,IUniswapV2Factory.sol,0
5,IUniswapV2Factory.sol,0
6,IUniswapV2Factory.sol,0
7,IUniswapV2Factory.sol,0
8,IUniswapV2Factory.sol,0
9,IUniswapV2Factory.sol,0
10,IUniswapV2Factory.sol,0
11,IUniswapV2Factory.sol,0
12,IUniswapV2Factory.sol,0
14,IUniswapV2Factory.sol,0
15,IUniswapV2Factory.sol,0
16,IUniswapV2Factory.sol,0
17,IUniswapV2Factory.sol,0
18,IUniswapV2Factory.sol,0
19,IUniswapV2Factory.sol,0
20,IUniswapV2Factory.sol,0
21,IUniswapV2Factory.sol,0
22,IUniswapV2Factory.sol,0
23,IUniswapV2Factory.sol,0
24,IUniswapV2Factory.sol,0
25,IUniswapV2Factory.sol,0
26,IUniswapV2Factory.sol,0
27,IUniswapV2Factory.sol,0
28,IUniswapV2Factory.sol,0
29,IUniswapV2Factory.sol,0
31,IUniswapV2Factory.sol,0
32,IUniswapV2Factory.sol,0
33,IUniswapV2Factory.sol,0
34,IUniswapV2Factory.sol,0
36,IUniswapV2Factory.sol,0
37,IUniswapV2Factory.sol,0
38,IUniswapV2Factory.sol,0
39,IUniswapV2Factory.sol,0
40,IUniswapV2Factory.sol,0
41,IUniswapV2Factory.sol,0
42,IUniswapV2Factory.sol,0
43,IUniswapV2Factory.sol,0
44,IUniswapV2Factory.sol,0
45,IUniswapV2Factory.sol,0
46,IUniswapV2Factory.sol,0
47,IUniswapV2Factory.sol,0
48,IUniswapV2Factory.sol,0
49,IUniswapV2Factory.sol,0
50,IUniswapV2Factory.sol,0
51,IUniswapV2Factory.sol,0
52,IUniswapV2Factory.sol,0
53,IUniswapV2Factory.sol,0
54,IUniswapV2Factory.sol,0
55,IUniswapV2Factory.sol,0
57,IUniswapV2Factory.sol,0
58,IUniswapV2Factory.sol,0
59,IUniswapV2Factory.sol,0
60,IUniswapV2Factory.sol,0
61,IUniswapV2Factory.sol,0
62,IUniswapV2Factory.sol,0
63,IUniswapV2Factory.sol,0
64,IUniswapV2Factory.sol,0
65,IUniswapV2Factory.sol,0
66,IUniswapV2Factory.sol,0
67,IUniswapV2Factory.sol,0
69,IUniswapV2Factory.sol,0
70,IUniswapV2Factory.sol,0
71,IUniswapV2Factory.sol,0
72,IUniswapV2Factory.sol,0
73,IUniswapV2Factory.sol,0
74,IUniswapV2Factory.sol,0
75,IUniswapV2Factory.sol,0
76,IUniswapV2Factory.sol,0
77,IUniswapV2Factory.sol,0
78,IUniswapV2Factory.sol,0
79,IUniswapV2Factory.sol,0
80,IUniswapV2Factory.sol,0
81,IUniswapV2Factory.sol,0
82,IUniswapV2Factory.sol,0
83,IUniswapV2Factory.sol,0
84,IUniswapV2Factory.sol,0
85,IUniswapV2Factory.sol,0
87,IUniswapV2Factory.sol,0
88,IUniswapV2Factory.sol,0
89,IUniswapV2Factory.sol,0
90,IUniswapV2Factory.sol,0
91,IUniswapV2Factory.sol,0
92,IUniswapV2Factory.sol,0
93,IUniswapV2Factory.sol,0
94,IUniswapV2Factory.sol,0
95,IUniswapV2Factory.sol,0
96,IUniswapV2Factory.sol,0
97,IUniswapV2Factory.sol,0
98,IUniswapV2Factory.sol,0
99,IUniswapV2Factory.sol,0
100,IUniswapV2Factory.sol,0
101,IUniswapV2Factory.sol,0
102,IUniswapV2Factory.sol,0
103,IUniswapV2Factory.sol,0
104,IUniswapV2Factory.sol,0
105,IUniswapV2Factory.sol,0
106,IUniswapV2Factory.sol,0
107,IUniswapV2Factory.sol,0
108,IUniswapV2Factory.sol,0
109,IUniswapV2Factory.sol,0
110,IUniswapV2Factory.sol,0
111,IUniswapV2Factory.sol,0
112,IUniswapV2Factory.sol,0
113,IUniswapV2Factory.sol,0
114,IUniswapV2Factory.sol,0
115,IUniswapV2Factory.sol,0
116,IUniswapV2Factory.sol,0
117,IUniswapV2Factory.sol,0
118,IUniswapV2Factory.sol,0
119,IUniswapV2Factory.sol,0
120,IUniswapV2Factory.sol,0
121,IUniswapV2Factory.sol,0
122,IUniswapV2Factory.sol,0
123,IUniswapV2Factory.sol,0
124,IUniswapV2Factory.sol,0
125,IUniswapV2Factory.sol,0
126,IUniswapV2Factory.sol,0
127,IUniswapV2Factory.sol,0
128,IUniswapV2Factory.sol,0
129,IUniswapV2Factory.sol,0
130,IUniswapV2Factory.sol,0
132,IUniswapV2Factory.sol,0
133,IUniswapV2Factory.sol,0
134,IUniswapV2Factory.sol,0
135,IUniswapV2Factory.sol,0
136,IUniswapV2Factory.sol,0
137,IUniswapV2Factory.sol,0
138,IUniswapV2Factory.sol,0
139,IUniswapV2Factory.sol,0
140,IUniswapV2Factory.sol,0
141,IUniswapV2Factory.sol,0
142,IUniswapV2Factory.sol,0
143,IUniswapV2Factory.sol,0
144,IUniswapV2Factory.sol,0
145,IUniswapV2Factory.sol,0
146,IUniswapV2Factory.sol,0
147,IUniswapV2Factory.sol,0
149,IUniswapV2Factory.sol,0
150,IUniswapV2Factory.sol,0
151,IUniswapV2Factory.sol,0
152,IUniswapV2Factory.sol,0
153,IUniswapV2Factory.sol,0
154,IUniswapV2Factory.sol,0
155,IUniswapV2Factory.sol,0
156,IUniswapV2Factory.sol,0
157,IUniswapV2Factory.sol,0
158,IUniswapV2Factory.sol,0
160,IUniswapV2Factory.sol,0
161,IUniswapV2Factory.sol,0
162,IUniswapV2Factory.sol,0
163,IUniswapV2Factory.sol,0
164,IUniswapV2Factory.sol,0
166,IUniswapV2Factory.sol,0
167,IUniswapV2Factory.sol,0
168,IUniswapV2Factory.sol,0
169,IUniswapV2Factory.sol,0
170,IUniswapV2Factory.sol,0
171,IUniswapV2Factory.sol,0
172,IUniswapV2Factory.sol,0
173,IUniswapV2Factory.sol,0
174,IUniswapV2Factory.sol,0
175,IUniswapV2Factory.sol,0
176,IUniswapV2Factory.sol,0
177,IUniswapV2Factory.sol,0
178,IUniswapV2Factory.sol,0
179,IUniswapV2Factory.sol,0
180,IUniswapV2Factory.sol,0
181,IUniswapV2Factory.sol,0
182,IUniswapV2Factory.sol,0
183,IUniswapV2Factory.sol,0
184,IUniswapV2Factory.sol,0
185,IUniswapV2Factory.sol,0
186,IUniswapV2Factory.sol,0
187,IUniswapV2Factory.sol,0
188,IUniswapV2Factory.sol,0
189,IUniswapV2Factory.sol,0
190,IUniswapV2Factory.sol,0
191,IUniswapV2Factory.sol,0
192,IUniswapV2Factory.sol,0
194,IUniswapV2Factory.sol,0
195,IUniswapV2Factory.sol,0
196,IUniswapV2Factory.sol,0
197,IUniswapV2Factory.sol,0
198,IUniswapV2Factory.sol,0
200,IUniswapV2Factory.sol,0
201,IUniswapV2Factory.sol,0
202,IUniswapV2Factory.sol,0
203,IUniswapV2Factory.sol,0
204,IUniswapV2Factory.sol,0
205,IUniswapV2Factory.sol,0
206,IUniswapV2Factory.sol,0
207,IUniswapV2Factory.sol,0
208,IUniswapV2Factory.sol,0
209,IUniswapV2Factory.sol,0
210,IUniswapV2Factory.sol,0
211,IUniswapV2Factory.sol,0
212,IUniswapV2Factory.sol,0
213,IUniswapV2Factory.sol,0
214,IUniswapV2Factory.sol,0
215,IUniswapV2Factory.sol,0
216,IUniswapV2Factory.sol,0
217,IUniswapV2Factory.sol,0
218,IUniswapV2Factory.sol,0
219,IUniswapV2Factory.sol,0
220,IUniswapV2Factory.sol,0
221,IUniswapV2Factory.sol,0
222,IUniswapV2Factory.sol,0
223,IUniswapV2Factory.sol,0
224,IUniswapV2Factory.sol,0
225,IUniswapV2Factory.sol,0
226,IUniswapV2Factory.sol,0
227,IUniswapV2Factory.sol,0
228,IUniswapV2Factory.sol,0
229,IUniswapV2Factory.sol,0
230,IUniswapV2Factory.sol,0
231,IUniswapV2Factory.sol,0
233,IUniswapV2Factory.sol,0
234,IUniswapV2Factory.sol,0
235,IUniswapV2Factory.sol,0
236,IUniswapV2Factory.sol,0
237,IUniswapV2Factory.sol,0
238,IUniswapV2Factory.sol,0
239,IUniswapV2Factory.sol,0
240,IUniswapV2Factory.sol,0
241,IUniswapV2Factory.sol,0
242,IUniswapV2Factory.sol,0
243,IUniswapV2Factory.sol,0
244,IUniswapV2Factory.sol,0
245,IUniswapV2Factory.sol,0
246,IUniswapV2Factory.sol,0
247,IUniswapV2Factory.sol,0
248,IUniswapV2Factory.sol,0
249,IUniswapV2Factory.sol,0
250,IUniswapV2Factory.sol,0
251,IUniswapV2Factory.sol,0
252,IUniswapV2Factory.sol,0
253,IUniswapV2Factory.sol,0
254,IUniswapV2Factory.sol,0
255,IUniswapV2Factory.sol,0
256,IUniswapV2Factory.sol,0
257,IUniswapV2Factory.sol,0
258,IUniswapV2Factory.sol,0
259,IUniswapV2Factory.sol,0
260,IUniswapV2Factory.sol,0
261,IUniswapV2Factory.sol,0
262,IUniswapV2Factory.sol,0
263,IUniswapV2Factory.sol,0
264,IUniswapV2Factory.sol,0
265,IUniswapV2Factory.sol,0
267,IUniswapV2Factory.sol,0
268,IUniswapV2Factory.sol,0
269,IUniswapV2Factory.sol,0
270,IUniswapV2Factory.sol,0
271,IUniswapV2Factory.sol,0
272,IUniswapV2Factory.sol,0
273,IUniswapV2Factory.sol,0
274,IUniswapV2Factory.sol,0
275,IUniswapV2Factory.sol,0
276,IUniswapV2Factory.sol,0
277,IUniswapV2Factory.sol,0
278,IUniswapV2Factory.sol,0
279,IUniswapV2Factory.sol,0
280,IUniswapV2Factory.sol,0
281,IUniswapV2Factory.sol,0
282,IUniswapV2Factory.sol,0
283,IUniswapV2Factory.sol,0
284,IUniswapV2Factory.sol,0
285,IUniswapV2Factory.sol,0
286,IUniswapV2Factory.sol,0
287,IUniswapV2Factory.sol,0
288,IUniswapV2Factory.sol,0
289,IUniswapV2Factory.sol,0
290,IUniswapV2Factory.sol,0
291,IUniswapV2Factory.sol,0
292,IUniswapV2Factory.sol,0
293,IUniswapV2Factory.sol,0
294,IUniswapV2Factory.sol,0
295,IUniswapV2Factory.sol,0
296,IUniswapV2Factory.sol,0
297,IUniswapV2Factory.sol,0
299,IUniswapV2Factory.sol,0
300,IUniswapV2Factory.sol,0
301,IUniswapV2Factory.sol,0
302,IUniswapV2Factory.sol,0
303,IUniswapV2Factory.sol,0
304,IUniswapV2Factory.sol,0
305,IUniswapV2Factory.sol,0
306,IUniswapV2Factory.sol,0
307,IUniswapV2Factory.sol,0
308,IUniswapV2Factory.sol,0
309,IUniswapV2Factory.sol,0
310,IUniswapV2Factory.sol,0
312,IUniswapV2Factory.sol,0
313,IUniswapV2Factory.sol,0
314,IUniswapV2Factory.sol,0
315,IUniswapV2Factory.sol,0
316,IUniswapV2Factory.sol,0
317,IUniswapV2Factory.sol,0
318,IUniswapV2Factory.sol,0
319,IUniswapV2Factory.sol,0
320,IUniswapV2Factory.sol,0
321,IUniswapV2Factory.sol,0
322,IUniswapV2Factory.sol,0
323,IUniswapV2Factory.sol,0
324,IUniswapV2Factory.sol,0
325,IUniswapV2Factory.sol,0
326,IUniswapV2Factory.sol,0
327,IUniswapV2Factory.sol,0
328,IUniswapV2Factory.sol,0
329,IUniswapV2Factory.sol,0
330,IUniswapV2Factory.sol,0
331,IUniswapV2Factory.sol,0
332,IUniswapV2Factory.sol,0
333,IUniswapV2Factory.sol,0
335,IUniswapV2Factory.sol,0
336,IUniswapV2Factory.sol,0
337,IUniswapV2Factory.sol,0
338,IUniswapV2Factory.sol,0
339,IUniswapV2Factory.sol,0
340,IUniswapV2Factory.sol,0
341,IUniswapV2Factory.sol,0
342,IUniswapV2Factory.sol,0
343,IUniswapV2Factory.sol,0
344,IUniswapV2Factory.sol,0
345,IUniswapV2Factory.sol,0
346,IUniswapV2Factory.sol,0
347,IUniswapV2Factory.sol,0
348,IUniswapV2Factory.sol,0
349,IUniswapV2Factory.sol,0
350,IUniswapV2Factory.sol,0
351,IUniswapV2Factory.sol,0
352,IUniswapV2Factory.sol,0
353,IUniswapV2Factory.sol,0
354,IUniswapV2Factory.sol,0
355,IUniswapV2Factory.sol,0
356,IUniswapV2Factory.sol,0
357,IUniswapV2Factory.sol,0
358,IUniswapV2Factory.sol,0
359,IUniswapV2Factory.sol,0
360,IUniswapV2Factory.sol,0
361,IUniswapV2Factory.sol,0
362,IUniswapV2Factory.sol,0
363,IUniswapV2Factory.sol,0
364,IUniswapV2Factory.sol,0
365,IUniswapV2Factory.sol,0
366,IUniswapV2Factory.sol,0
368,IUniswapV2Factory.sol,0
369,IUniswapV2Factory.sol,0
370,IUniswapV2Factory.sol,0
371,IUniswapV2Factory.sol,0
372,IUniswapV2Factory.sol,0
373,IUniswapV2Factory.sol,0
374,IUniswapV2Factory.sol,0
375,IUniswapV2Factory.sol,0
376,IUniswapV2Factory.sol,0
377,IUniswapV2Factory.sol,0
378,IUniswapV2Factory.sol,0
379,IUniswapV2Factory.sol,0
380,IUniswapV2Factory.sol,0
381,IUniswapV2Factory.sol,0
382,IUniswapV2Factory.sol,0
383,IUniswapV2Factory.sol,0
384,IUniswapV2Factory.sol,0
385,IUniswapV2Factory.sol,0
386,IUniswapV2Factory.sol,0
387,IUniswapV2Factory.sol,0
388,IUniswapV2Factory.sol,0
389,IUniswapV2Factory.sol,0
390,IUniswapV2Factory.sol,0
391,IUniswapV2Factory.sol,0
392,IUniswapV2Factory.sol,0
393,IUniswapV2Factory.sol,0
394,IUniswapV2Factory.sol,0
395,IUniswapV2Factory.sol,0
396,IUniswapV2Factory.sol,0
397,IUniswapV2Factory.sol,0
398,IUniswapV2Factory.sol,0
399,IUniswapV2Factory.sol,0
400,IUniswapV2Factory.sol,0
401,IUniswapV2Factory.sol,0
403,IUniswapV2Factory.sol,0
404,IUniswapV2Factory.sol,0
405,IUniswapV2Factory.sol,0
406,IUniswapV2Factory.sol,0
407,IUniswapV2Factory.sol,0
408,IUniswapV2Factory.sol,0
409,IUniswapV2Factory.sol,0
410,IUniswapV2Factory.sol,0
411,IUniswapV2Factory.sol,0
412,IUniswapV2Factory.sol,0
413,IUniswapV2Factory.sol,0
414,IUniswapV2Factory.sol,0
415,IUniswapV2Factory.sol,0
416,IUniswapV2Factory.sol,0
417,IUniswapV2Factory.sol,0
418,IUniswapV2Factory.sol,0
419,IUniswapV2Factory.sol,0
420,IUniswapV2Factory.sol,0
421,IUniswapV2Factory.sol,0
422,IUniswapV2Factory.sol,0
423,IUniswapV2Factory.sol,0
424,IUniswapV2Factory.sol,0
425,IUniswapV2Factory.sol,0
426,IUniswapV2Factory.sol,0
427,IUniswapV2Factory.sol,0
428,IUniswapV2Factory.sol,0
429,IUniswapV2Factory.sol,0
430,IUniswapV2Factory.sol,0
431,IUniswapV2Factory.sol,0
432,IUniswapV2Factory.sol,0
433,IUniswapV2Factory.sol,0
434,IUniswapV2Factory.sol,0
436,IUniswapV2Factory.sol,0
437,IUniswapV2Factory.sol,0
438,IUniswapV2Factory.sol,0
439,IUniswapV2Factory.sol,0
440,IUniswapV2Factory.sol,0
441,IUniswapV2Factory.sol,0
442,IUniswapV2Factory.sol,0
443,IUniswapV2Factory.sol,0
444,IUniswapV2Factory.sol,0
445,IUniswapV2Factory.sol,0
446,IUniswapV2Factory.sol,0
447,IUniswapV2Factory.sol,0
448,IUniswapV2Factory.sol,0
449,IUniswapV2Factory.sol,0
451,IUniswapV2Factory.sol,0
452,IUniswapV2Factory.sol,0
453,IUniswapV2Factory.sol,0
454,IUniswapV2Factory.sol,0
455,IUniswapV2Factory.sol,0
456,IUniswapV2Factory.sol,0
457,IUniswapV2Factory.sol,0
459,IUniswapV2Factory.sol,0
460,IUniswapV2Factory.sol,0
461,IUniswapV2Factory.sol,0
462,IUniswapV2Factory.sol,0
463,IUniswapV2Factory.sol,0
464,IUniswapV2Factory.sol,0
466,IUniswapV2Factory.sol,0
467,IUniswapV2Factory.sol,0
468,IUniswapV2Factory.sol,0
469,IUniswapV2Factory.sol,0
470,IUniswapV2Factory.sol,0
472,IUniswapV2Factory.sol,0
473,IUniswapV2Factory.sol,0
474,IUniswapV2Factory.sol,0
475,IUniswapV2Factory.sol,0
476,IUniswapV2Factory.sol,0
477,IUniswapV2Factory.sol,0
478,IUniswapV2Factory.sol,0
479,IUniswapV2Factory.sol,0
480,IUniswapV2Factory.sol,0
481,IUniswapV2Factory.sol,0
482,IUniswapV2Factory.sol,0
484,IUniswapV2Factory.sol,0
486,IUniswapV2Factory.sol,0
487,IUniswapV2Factory.sol,0
488,IUniswapV2Factory.sol,0
489,IUniswapV2Factory.sol,0
490,IUniswapV2Factory.sol,0
491,IUniswapV2Factory.sol,0
492,IUniswapV2Factory.sol,0
493,IUniswapV2Factory.sol,0
494,IUniswapV2Factory.sol,0
495,IUniswapV2Factory.sol,0
496,IUniswapV2Factory.sol,0
497,IUniswapV2Factory.sol,0
498,IUniswapV2Factory.sol,0
499,IUniswapV2Factory.sol,0
500,IUniswapV2Factory.sol,0
501,IUniswapV2Factory.sol,0
502,IUniswapV2Factory.sol,0
503,IUniswapV2Factory.sol,0
504,IUniswapV2Factory.sol,0
505,IUniswapV2Factory.sol,0
506,IUniswapV2Factory.sol,0
508,IUniswapV2Factory.sol,0
509,IUniswapV2Factory.sol,0
510,IUniswapV2Factory.sol,0
511,IUniswapV2Factory.sol,0
513,IUniswapV2Factory.sol,0
514,IUniswapV2Factory.sol,0
515,IUniswapV2Factory.sol,0
516,IUniswapV2Factory.sol,0
517,IUniswapV2Factory.sol,0
518,IUniswapV2Factory.sol,0
519,IUniswapV2Factory.sol,0
520,IUniswapV2Factory.sol,0
521,IUniswapV2Factory.sol,0
523,IUniswapV2Factory.sol,0
524,IUniswapV2Factory.sol,0
525,IUniswapV2Factory.sol,0
526,IUniswapV2Factory.sol,0
527,IUniswapV2Factory.sol,0
528,IUniswapV2Factory.sol,0
529,IUniswapV2Factory.sol,0
530,IUniswapV2Factory.sol,0
532,IUniswapV2Factory.sol,0
533,IUniswapV2Factory.sol,0
534,IUniswapV2Factory.sol,0
535,IUniswapV2Factory.sol,0
536,IUniswapV2Factory.sol,0
537,IUniswapV2Factory.sol,0
538,IUniswapV2Factory.sol,0
539,IUniswapV2Factory.sol,0
540,IUniswapV2Factory.sol,0
541,IUniswapV2Factory.sol,0
542,IUniswapV2Factory.sol,0
544,IUniswapV2Factory.sol,0
545,IUniswapV2Factory.sol,0
546,IUniswapV2Factory.sol,0
547,IUniswapV2Factory.sol,0
548,IUniswapV2Factory.sol,0
549,IUniswapV2Factory.sol,0
550,IUniswapV2Factory.sol,0
551,IUniswapV2Factory.sol,0
552,IUniswapV2Factory.sol,0
553,IUniswapV2Factory.sol,0
554,IUniswapV2Factory.sol,0
555,IUniswapV2Factory.sol,0
556,IUniswapV2Factory.sol,0
557,IUniswapV2Factory.sol,0
558,IUniswapV2Factory.sol,0
559,IUniswapV2Factory.sol,0
560,IUniswapV2Factory.sol,0
561,IUniswapV2Factory.sol,0
562,IUniswapV2Factory.sol,0
563,IUniswapV2Factory.sol,0
565,IUniswapV2Factory.sol,0
566,IUniswapV2Factory.sol,0
567,IUniswapV2Factory.sol,0
568,IUniswapV2Factory.sol,0
569,IUniswapV2Factory.sol,0
570,IUniswapV2Factory.sol,0
571,IUniswapV2Factory.sol,0
572,IUniswapV2Factory.sol,0
573,IUniswapV2Factory.sol,0
574,IUniswapV2Factory.sol,0
575,IUniswapV2Factory.sol,0
576,IUniswapV2Factory.sol,0
577,IUniswapV2Factory.sol,0
578,IUniswapV2Factory.sol,0
579,IUniswapV2Factory.sol,0
581,IUniswapV2Factory.sol,0
582,IUniswapV2Factory.sol,0
583,IUniswapV2Factory.sol,0
584,IUniswapV2Factory.sol,0
585,IUniswapV2Factory.sol,0
586,IUniswapV2Factory.sol,0
587,IUniswapV2Factory.sol,0
588,IUniswapV2Factory.sol,0
589,IUniswapV2Factory.sol,0
590,IUniswapV2Factory.sol,0
591,IUniswapV2Factory.sol,0
592,IUniswapV2Factory.sol,0
593,IUniswapV2Factory.sol,0
594,IUniswapV2Factory.sol,0
595,IUniswapV2Factory.sol,0
596,IUniswapV2Factory.sol,0
597,IUniswapV2Factory.sol,0
598,IUniswapV2Factory.sol,0
599,IUniswapV2Factory.sol,0
600,IUniswapV2Factory.sol,0
601,IUniswapV2Factory.sol,0
602,IUniswapV2Factory.sol,0
603,IUniswapV2Factory.sol,0
604,IUniswapV2Factory.sol,0
605,IUniswapV2Factory.sol,0
606,IUniswapV2Factory.sol,0
608,IUniswapV2Factory.sol,0
609,IUniswapV2Factory.sol,0
610,IUniswapV2Factory.sol,0
611,IUniswapV2Factory.sol,0
612,IUniswapV2Factory.sol,0
613,IUniswapV2Factory.sol,0
614,IUniswapV2Factory.sol,0
615,IUniswapV2Factory.sol,0
616,IUniswapV2Factory.sol,0
618,IUniswapV2Factory.sol,0
619,IUniswapV2Factory.sol,0
620,IUniswapV2Factory.sol,0
621,IUniswapV2Factory.sol,0
622,IUniswapV2Factory.sol,0
623,IUniswapV2Factory.sol,0
624,IUniswapV2Factory.sol,0
625,IUniswapV2Factory.sol,0
626,IUniswapV2Factory.sol,0
627,IUniswapV2Factory.sol,0
628,IUniswapV2Factory.sol,0
629,IUniswapV2Factory.sol,0
630,IUniswapV2Factory.sol,0
631,IUniswapV2Factory.sol,0
632,IUniswapV2Factory.sol,0
633,IUniswapV2Factory.sol,0
634,IUniswapV2Factory.sol,0
635,IUniswapV2Factory.sol,0
636,IUniswapV2Factory.sol,0
637,IUniswapV2Factory.sol,0
638,IUniswapV2Factory.sol,0
639,IUniswapV2Factory.sol,0
640,IUniswapV2Factory.sol,0
641,IUniswapV2Factory.sol,0
642,IUniswapV2Factory.sol,0
643,IUniswapV2Factory.sol,0
644,IUniswapV2Factory.sol,0
645,IUniswapV2Factory.sol,0
646,IUniswapV2Factory.sol,0
647,IUniswapV2Factory.sol,0
648,IUniswapV2Factory.sol,0
649,IUniswapV2Factory.sol,0
650,IUniswapV2Factory.sol,0
651,IUniswapV2Factory.sol,0
652,IUniswapV2Factory.sol,0
653,IUniswapV2Factory.sol,0
655,IUniswapV2Factory.sol,0
656,IUniswapV2Factory.sol,0
657,IUniswapV2Factory.sol,0
659,IUniswapV2Factory.sol,0
660,IUniswapV2Factory.sol,0
661,IUniswapV2Factory.sol,0
662,IUniswapV2Factory.sol,0
663,IUniswapV2Factory.sol,0
664,IUniswapV2Factory.sol,0
665,IUniswapV2Factory.sol,0
667,IUniswapV2Factory.sol,0
668,IUniswapV2Factory.sol,0
670,IUniswapV2Factory.sol,0
672,IUniswapV2Factory.sol,0
673,IUniswapV2Factory.sol,0
675,IUniswapV2Factory.sol,0
676,IUniswapV2Factory.sol,0
677,IUniswapV2Factory.sol,0
678,IUniswapV2Factory.sol,0
679,IUniswapV2Factory.sol,0
680,IUniswapV2Factory.sol,0
681,IUniswapV2Factory.sol,0
682,IUniswapV2Factory.sol,0
684,IUniswapV2Factory.sol,0
685,IUniswapV2Factory.sol,0
687,IUniswapV2Factory.sol,0
689,IUniswapV2Factory.sol,0
690,IUniswapV2Factory.sol,0
692,IUniswapV2Factory.sol,0
693,IUniswapV2Factory.sol,0
695,IUniswapV2Factory.sol,0
697,IUniswapV2Factory.sol,0
699,IUniswapV2Factory.sol,0
701,IUniswapV2Factory.sol,0
703,IUniswapV2Factory.sol,0
704,IUniswapV2Factory.sol,0
707,IUniswapV2Factory.sol,0
709,IUniswapV2Factory.sol,0
710,IUniswapV2Factory.sol,0
712,IUniswapV2Factory.sol,0
715,IUniswapV2Factory.sol,0
716,IUniswapV2Factory.sol,0
718,IUniswapV2Factory.sol,0
719,IUniswapV2Factory.sol,0
721,IUniswapV2Factory.sol,0
722,IUniswapV2Factory.sol,0
724,IUniswapV2Factory.sol,0
725,IUniswapV2Factory.sol,0
727,IUniswapV2Factory.sol,0
730,IUniswapV2Factory.sol,0
733,IUniswapV2Factory.sol,0
735,IUniswapV2Factory.sol,0
738,IUniswapV2Factory.sol,0
740,IUniswapV2Factory.sol,0
742,IUniswapV2Factory.sol,0
744,IUniswapV2Factory.sol,0
745,IUniswapV2Factory.sol,0
747,IUniswapV2Factory.sol,0
748,IUniswapV2Factory.sol,0
749,IUniswapV2Factory.sol,0
750,IUniswapV2Factory.sol,0
751,IUniswapV2Factory.sol,0
752,IUniswapV2Factory.sol,0
753,IUniswapV2Factory.sol,0
754,IUniswapV2Factory.sol,0
755,IUniswapV2Factory.sol,0
756,IUniswapV2Factory.sol,0
757,IUniswapV2Factory.sol,0
758,IUniswapV2Factory.sol,0
759,IUniswapV2Factory.sol,0
760,IUniswapV2Factory.sol,0
761,IUniswapV2Factory.sol,0
763,IUniswapV2Factory.sol,0
764,IUniswapV2Factory.sol,0
765,IUniswapV2Factory.sol,0
766,IUniswapV2Factory.sol,0
767,IUniswapV2Factory.sol,0
768,IUniswapV2Factory.sol,0
769,IUniswapV2Factory.sol,0
770,IUniswapV2Factory.sol,0
771,IUniswapV2Factory.sol,0
772,IUniswapV2Factory.sol,0
773,IUniswapV2Factory.sol,0
774,IUniswapV2Factory.sol,0
775,IUniswapV2Factory.sol,0
776,IUniswapV2Factory.sol,0
777,IUniswapV2Factory.sol,0
778,IUniswapV2Factory.sol,0
779,IUniswapV2Factory.sol,0
780,IUniswapV2Factory.sol,0
781,IUniswapV2Factory.sol,0
782,IUniswapV2Factory.sol,0
783,IUniswapV2Factory.sol,0
784,IUniswapV2Factory.sol,0
785,IUniswapV2Factory.sol,0
786,IUniswapV2Factory.sol,0
787,IUniswapV2Factory.sol,0
788,IUniswapV2Factory.sol,0
790,IUniswapV2Factory.sol,0
791,IUniswapV2Factory.sol,0
792,IUniswapV2Factory.sol,0
793,IUniswapV2Factory.sol,0
794,IUniswapV2Factory.sol,0
795,IUniswapV2Factory.sol,0
796,IUniswapV2Factory.sol,0
797,IUniswapV2Factory.sol,0
798,IUniswapV2Factory.sol,0
800,IUniswapV2Factory.sol,0
801,IUniswapV2Factory.sol,0
802,IUniswapV2Factory.sol,0
803,IUniswapV2Factory.sol,0
804,IUniswapV2Factory.sol,0
805,IUniswapV2Factory.sol,0
806,IUniswapV2Factory.sol,0
807,IUniswapV2Factory.sol,0
808,IUniswapV2Factory.sol,0
809,IUniswapV2Factory.sol,0
810,IUniswapV2Factory.sol,0
811,IUniswapV2Factory.sol,0
812,IUniswapV2Factory.sol,0
813,IUniswapV2Factory.sol,0
814,IUniswapV2Factory.sol,0
815,IUniswapV2Factory.sol,0
816,IUniswapV2Factory.sol,0
817,IUniswapV2Factory.sol,0
818,IUniswapV2Factory.sol,0
819,IUniswapV2Factory.sol,0
820,IUniswapV2Factory.sol,0
821,IUniswapV2Factory.sol,0
822,IUniswapV2Factory.sol,0
823,IUniswapV2Factory.sol,0
824,IUniswapV2Factory.sol,0
825,IUniswapV2Factory.sol,0
826,IUniswapV2Factory.sol,0
827,IUniswapV2Factory.sol,0
828,IUniswapV2Factory.sol,0
829,IUniswapV2Factory.sol,0
830,IUniswapV2Factory.sol,0
831,IUniswapV2Factory.sol,0
832,IUniswapV2Factory.sol,0
833,IUniswapV2Factory.sol,0
834,IUniswapV2Factory.sol,0
835,IUniswapV2Factory.sol,0
836,IUniswapV2Factory.sol,0
838,IUniswapV2Factory.sol,0
839,IUniswapV2Factory.sol,0
840,IUniswapV2Factory.sol,0
841,IUniswapV2Factory.sol,0
843,IUniswapV2Factory.sol,0
844,IUniswapV2Factory.sol,0
845,IUniswapV2Factory.sol,0
846,IUniswapV2Factory.sol,0
847,IUniswapV2Factory.sol,0
848,IUniswapV2Factory.sol,0
849,IUniswapV2Factory.sol,0
850,IUniswapV2Factory.sol,0
851,IUniswapV2Factory.sol,0
852,IUniswapV2Factory.sol,0
853,IUniswapV2Factory.sol,0
854,IUniswapV2Factory.sol,0
855,IUniswapV2Factory.sol,0
856,IUniswapV2Factory.sol,0
857,IUniswapV2Factory.sol,0
858,IUniswapV2Factory.sol,0
859,IUniswapV2Factory.sol,0
860,IUniswapV2Factory.sol,0
861,IUniswapV2Factory.sol,0
862,IUniswapV2Factory.sol,0
863,IUniswapV2Factory.sol,0
864,IUniswapV2Factory.sol,0
865,IUniswapV2Factory.sol,0
866,IUniswapV2Factory.sol,0
867,IUniswapV2Factory.sol,0
868,IUniswapV2Factory.sol,0
869,IUniswapV2Factory.sol,0
870,IUniswapV2Factory.sol,0
871,IUniswapV2Factory.sol,0
872,IUniswapV2Factory.sol,0
873,IUniswapV2Factory.sol,0
874,IUniswapV2Factory.sol,0
875,IUniswapV2Factory.sol,0
877,IUniswapV2Factory.sol,0
878,IUniswapV2Factory.sol,0
879,IUniswapV2Factory.sol,0
880,IUniswapV2Factory.sol,0
881,IUniswapV2Factory.sol,0
882,IUniswapV2Factory.sol,0
883,IUniswapV2Factory.sol,0
884,IUniswapV2Factory.sol,0
886,IUniswapV2Factory.sol,0
887,IUniswapV2Factory.sol,0
888,IUniswapV2Factory.sol,0
889,IUniswapV2Factory.sol,0
890,IUniswapV2Factory.sol,0
891,IUniswapV2Factory.sol,0
892,IUniswapV2Factory.sol,0
893,IUniswapV2Factory.sol,0
894,IUniswapV2Factory.sol,0
895,IUniswapV2Factory.sol,0
897,IUniswapV2Factory.sol,0
898,IUniswapV2Factory.sol,0
899,IUniswapV2Factory.sol,0
900,IUniswapV2Factory.sol,0
0,IUniswapV2OracleExample.sol,0
1,IUniswapV2OracleExample.sol,0
2,IUniswapV2OracleExample.sol,0
3,IUniswapV2OracleExample.sol,0
4,IUniswapV2OracleExample.sol,0
5,IUniswapV2OracleExample.sol,0
6,IUniswapV2OracleExample.sol,0
7,IUniswapV2OracleExample.sol,0
8,IUniswapV2OracleExample.sol,0
9,IUniswapV2OracleExample.sol,0
10,IUniswapV2OracleExample.sol,0
11,IUniswapV2OracleExample.sol,0
12,IUniswapV2OracleExample.sol,0
13,IUniswapV2OracleExample.sol,0
14,IUniswapV2OracleExample.sol,0
15,IUniswapV2OracleExample.sol,0
16,IUniswapV2OracleExample.sol,0
18,IUniswapV2OracleExample.sol,0
19,IUniswapV2OracleExample.sol,0
20,IUniswapV2OracleExample.sol,0
21,IUniswapV2OracleExample.sol,0
22,IUniswapV2OracleExample.sol,0
23,IUniswapV2OracleExample.sol,0
24,IUniswapV2OracleExample.sol,0
25,IUniswapV2OracleExample.sol,0
26,IUniswapV2OracleExample.sol,0
27,IUniswapV2OracleExample.sol,0
28,IUniswapV2OracleExample.sol,0
29,IUniswapV2OracleExample.sol,0
30,IUniswapV2OracleExample.sol,0
31,IUniswapV2OracleExample.sol,0
32,IUniswapV2OracleExample.sol,0
33,IUniswapV2OracleExample.sol,0
34,IUniswapV2OracleExample.sol,0
35,IUniswapV2OracleExample.sol,0
37,IUniswapV2OracleExample.sol,0
38,IUniswapV2OracleExample.sol,0
39,IUniswapV2OracleExample.sol,0
40,IUniswapV2OracleExample.sol,0
41,IUniswapV2OracleExample.sol,0
42,IUniswapV2OracleExample.sol,0
43,IUniswapV2OracleExample.sol,0
44,IUniswapV2OracleExample.sol,0
45,IUniswapV2OracleExample.sol,0
46,IUniswapV2OracleExample.sol,0
47,IUniswapV2OracleExample.sol,0
48,IUniswapV2OracleExample.sol,0
49,IUniswapV2OracleExample.sol,0
50,IUniswapV2OracleExample.sol,0
51,IUniswapV2OracleExample.sol,0
52,IUniswapV2OracleExample.sol,0
53,IUniswapV2OracleExample.sol,0
54,IUniswapV2OracleExample.sol,0
55,IUniswapV2OracleExample.sol,0
57,IUniswapV2OracleExample.sol,0
58,IUniswapV2OracleExample.sol,0
59,IUniswapV2OracleExample.sol,0
60,IUniswapV2OracleExample.sol,0
61,IUniswapV2OracleExample.sol,0
62,IUniswapV2OracleExample.sol,0
63,IUniswapV2OracleExample.sol,0
64,IUniswapV2OracleExample.sol,0
65,IUniswapV2OracleExample.sol,0
66,IUniswapV2OracleExample.sol,0
67,IUniswapV2OracleExample.sol,0
68,IUniswapV2OracleExample.sol,0
69,IUniswapV2OracleExample.sol,0
70,IUniswapV2OracleExample.sol,0
71,IUniswapV2OracleExample.sol,0
72,IUniswapV2OracleExample.sol,0
73,IUniswapV2OracleExample.sol,0
74,IUniswapV2OracleExample.sol,0
75,IUniswapV2OracleExample.sol,0
77,IUniswapV2OracleExample.sol,0
78,IUniswapV2OracleExample.sol,0
80,IUniswapV2OracleExample.sol,0
81,IUniswapV2OracleExample.sol,0
82,IUniswapV2OracleExample.sol,0
83,IUniswapV2OracleExample.sol,0
84,IUniswapV2OracleExample.sol,0
85,IUniswapV2OracleExample.sol,0
86,IUniswapV2OracleExample.sol,0
87,IUniswapV2OracleExample.sol,0
88,IUniswapV2OracleExample.sol,0
89,IUniswapV2OracleExample.sol,0
91,IUniswapV2OracleExample.sol,0
92,IUniswapV2OracleExample.sol,0
93,IUniswapV2OracleExample.sol,0
94,IUniswapV2OracleExample.sol,0
95,IUniswapV2OracleExample.sol,0
96,IUniswapV2OracleExample.sol,0
97,IUniswapV2OracleExample.sol,0
98,IUniswapV2OracleExample.sol,0
100,IUniswapV2OracleExample.sol,0
101,IUniswapV2OracleExample.sol,0
102,IUniswapV2OracleExample.sol,0
103,IUniswapV2OracleExample.sol,0
104,IUniswapV2OracleExample.sol,0
105,IUniswapV2OracleExample.sol,0
106,IUniswapV2OracleExample.sol,0
107,IUniswapV2OracleExample.sol,0
108,IUniswapV2OracleExample.sol,0
109,IUniswapV2OracleExample.sol,0
110,IUniswapV2OracleExample.sol,0
111,IUniswapV2OracleExample.sol,0
112,IUniswapV2OracleExample.sol,0
113,IUniswapV2OracleExample.sol,0
114,IUniswapV2OracleExample.sol,0
115,IUniswapV2OracleExample.sol,0
116,IUniswapV2OracleExample.sol,0
117,IUniswapV2OracleExample.sol,0
119,IUniswapV2OracleExample.sol,0
120,IUniswapV2OracleExample.sol,0
121,IUniswapV2OracleExample.sol,0
122,IUniswapV2OracleExample.sol,0
123,IUniswapV2OracleExample.sol,0
124,IUniswapV2OracleExample.sol,0
125,IUniswapV2OracleExample.sol,0
126,IUniswapV2OracleExample.sol,0
127,IUniswapV2OracleExample.sol,0
128,IUniswapV2OracleExample.sol,0
130,IUniswapV2OracleExample.sol,0
131,IUniswapV2OracleExample.sol,0
132,IUniswapV2OracleExample.sol,0
133,IUniswapV2OracleExample.sol,0
134,IUniswapV2OracleExample.sol,0
135,IUniswapV2OracleExample.sol,0
136,IUniswapV2OracleExample.sol,0
137,IUniswapV2OracleExample.sol,0
138,IUniswapV2OracleExample.sol,0
139,IUniswapV2OracleExample.sol,0
140,IUniswapV2OracleExample.sol,0
141,IUniswapV2OracleExample.sol,0
142,IUniswapV2OracleExample.sol,0
144,IUniswapV2OracleExample.sol,0
145,IUniswapV2OracleExample.sol,0
146,IUniswapV2OracleExample.sol,0
147,IUniswapV2OracleExample.sol,0
148,IUniswapV2OracleExample.sol,0
149,IUniswapV2OracleExample.sol,0
150,IUniswapV2OracleExample.sol,0
151,IUniswapV2OracleExample.sol,0
152,IUniswapV2OracleExample.sol,0
153,IUniswapV2OracleExample.sol,0
154,IUniswapV2OracleExample.sol,0
155,IUniswapV2OracleExample.sol,0
156,IUniswapV2OracleExample.sol,0
157,IUniswapV2OracleExample.sol,0
158,IUniswapV2OracleExample.sol,0
159,IUniswapV2OracleExample.sol,0
161,IUniswapV2OracleExample.sol,0
162,IUniswapV2OracleExample.sol,0
163,IUniswapV2OracleExample.sol,0
164,IUniswapV2OracleExample.sol,0
165,IUniswapV2OracleExample.sol,0
166,IUniswapV2OracleExample.sol,0
167,IUniswapV2OracleExample.sol,0
168,IUniswapV2OracleExample.sol,0
169,IUniswapV2OracleExample.sol,0
170,IUniswapV2OracleExample.sol,0
171,IUniswapV2OracleExample.sol,0
172,IUniswapV2OracleExample.sol,0
173,IUniswapV2OracleExample.sol,0
174,IUniswapV2OracleExample.sol,0
175,IUniswapV2OracleExample.sol,0
177,IUniswapV2OracleExample.sol,0
178,IUniswapV2OracleExample.sol,0
179,IUniswapV2OracleExample.sol,0
180,IUniswapV2OracleExample.sol,0
182,IUniswapV2OracleExample.sol,0
183,IUniswapV2OracleExample.sol,0
184,IUniswapV2OracleExample.sol,0
185,IUniswapV2OracleExample.sol,0
186,IUniswapV2OracleExample.sol,0
187,IUniswapV2OracleExample.sol,0
188,IUniswapV2OracleExample.sol,0
189,IUniswapV2OracleExample.sol,0
190,IUniswapV2OracleExample.sol,0
191,IUniswapV2OracleExample.sol,0
192,IUniswapV2OracleExample.sol,0
193,IUniswapV2OracleExample.sol,0
194,IUniswapV2OracleExample.sol,0
195,IUniswapV2OracleExample.sol,0
197,IUniswapV2OracleExample.sol,0
198,IUniswapV2OracleExample.sol,0
199,IUniswapV2OracleExample.sol,0
200,IUniswapV2OracleExample.sol,0
201,IUniswapV2OracleExample.sol,0
202,IUniswapV2OracleExample.sol,0
203,IUniswapV2OracleExample.sol,0
204,IUniswapV2OracleExample.sol,0
205,IUniswapV2OracleExample.sol,0
206,IUniswapV2OracleExample.sol,0
207,IUniswapV2OracleExample.sol,0
208,IUniswapV2OracleExample.sol,0
209,IUniswapV2OracleExample.sol,0
210,IUniswapV2OracleExample.sol,0
212,IUniswapV2OracleExample.sol,0
214,IUniswapV2OracleExample.sol,0
215,IUniswapV2OracleExample.sol,0
216,IUniswapV2OracleExample.sol,0
217,IUniswapV2OracleExample.sol,0
218,IUniswapV2OracleExample.sol,0
219,IUniswapV2OracleExample.sol,0
220,IUniswapV2OracleExample.sol,0
221,IUniswapV2OracleExample.sol,0
222,IUniswapV2OracleExample.sol,0
224,IUniswapV2OracleExample.sol,0
225,IUniswapV2OracleExample.sol,0
226,IUniswapV2OracleExample.sol,0
227,IUniswapV2OracleExample.sol,0
228,IUniswapV2OracleExample.sol,0
229,IUniswapV2OracleExample.sol,0
230,IUniswapV2OracleExample.sol,0
231,IUniswapV2OracleExample.sol,0
232,IUniswapV2OracleExample.sol,0
233,IUniswapV2OracleExample.sol,0
234,IUniswapV2OracleExample.sol,0
235,IUniswapV2OracleExample.sol,0
236,IUniswapV2OracleExample.sol,0
237,IUniswapV2OracleExample.sol,0
238,IUniswapV2OracleExample.sol,0
239,IUniswapV2OracleExample.sol,0
240,IUniswapV2OracleExample.sol,0
241,IUniswapV2OracleExample.sol,0
242,IUniswapV2OracleExample.sol,0
243,IUniswapV2OracleExample.sol,0
244,IUniswapV2OracleExample.sol,0
246,IUniswapV2OracleExample.sol,0
247,IUniswapV2OracleExample.sol,0
248,IUniswapV2OracleExample.sol,0
249,IUniswapV2OracleExample.sol,0
250,IUniswapV2OracleExample.sol,0
251,IUniswapV2OracleExample.sol,0
252,IUniswapV2OracleExample.sol,0
253,IUniswapV2OracleExample.sol,0
254,IUniswapV2OracleExample.sol,0
255,IUniswapV2OracleExample.sol,0
257,IUniswapV2OracleExample.sol,0
258,IUniswapV2OracleExample.sol,0
259,IUniswapV2OracleExample.sol,0
260,IUniswapV2OracleExample.sol,0
261,IUniswapV2OracleExample.sol,0
262,IUniswapV2OracleExample.sol,0
263,IUniswapV2OracleExample.sol,0
265,IUniswapV2OracleExample.sol,0
266,IUniswapV2OracleExample.sol,0
267,IUniswapV2OracleExample.sol,0
268,IUniswapV2OracleExample.sol,0
269,IUniswapV2OracleExample.sol,0
270,IUniswapV2OracleExample.sol,0
271,IUniswapV2OracleExample.sol,0
272,IUniswapV2OracleExample.sol,0
273,IUniswapV2OracleExample.sol,0
275,IUniswapV2OracleExample.sol,0
277,IUniswapV2OracleExample.sol,0
278,IUniswapV2OracleExample.sol,0
279,IUniswapV2OracleExample.sol,0
280,IUniswapV2OracleExample.sol,0
281,IUniswapV2OracleExample.sol,0
282,IUniswapV2OracleExample.sol,0
283,IUniswapV2OracleExample.sol,0
284,IUniswapV2OracleExample.sol,0
285,IUniswapV2OracleExample.sol,0
286,IUniswapV2OracleExample.sol,0
287,IUniswapV2OracleExample.sol,0
288,IUniswapV2OracleExample.sol,0
289,IUniswapV2OracleExample.sol,0
290,IUniswapV2OracleExample.sol,0
292,IUniswapV2OracleExample.sol,0
293,IUniswapV2OracleExample.sol,0
294,IUniswapV2OracleExample.sol,0
295,IUniswapV2OracleExample.sol,0
296,IUniswapV2OracleExample.sol,0
297,IUniswapV2OracleExample.sol,0
298,IUniswapV2OracleExample.sol,0
299,IUniswapV2OracleExample.sol,0
300,IUniswapV2OracleExample.sol,0
301,IUniswapV2OracleExample.sol,0
302,IUniswapV2OracleExample.sol,0
303,IUniswapV2OracleExample.sol,0
305,IUniswapV2OracleExample.sol,0
306,IUniswapV2OracleExample.sol,0
307,IUniswapV2OracleExample.sol,0
308,IUniswapV2OracleExample.sol,0
309,IUniswapV2OracleExample.sol,0
310,IUniswapV2OracleExample.sol,0
311,IUniswapV2OracleExample.sol,0
312,IUniswapV2OracleExample.sol,0
313,IUniswapV2OracleExample.sol,0
314,IUniswapV2OracleExample.sol,0
315,IUniswapV2OracleExample.sol,0
317,IUniswapV2OracleExample.sol,0
318,IUniswapV2OracleExample.sol,0
319,IUniswapV2OracleExample.sol,0
320,IUniswapV2OracleExample.sol,0
321,IUniswapV2OracleExample.sol,0
322,IUniswapV2OracleExample.sol,0
323,IUniswapV2OracleExample.sol,0
324,IUniswapV2OracleExample.sol,0
325,IUniswapV2OracleExample.sol,0
326,IUniswapV2OracleExample.sol,0
328,IUniswapV2OracleExample.sol,0
329,IUniswapV2OracleExample.sol,0
330,IUniswapV2OracleExample.sol,0
331,IUniswapV2OracleExample.sol,0
332,IUniswapV2OracleExample.sol,0
333,IUniswapV2OracleExample.sol,0
334,IUniswapV2OracleExample.sol,0
335,IUniswapV2OracleExample.sol,0
336,IUniswapV2OracleExample.sol,0
337,IUniswapV2OracleExample.sol,0
338,IUniswapV2OracleExample.sol,0
340,IUniswapV2OracleExample.sol,0
341,IUniswapV2OracleExample.sol,0
342,IUniswapV2OracleExample.sol,0
343,IUniswapV2OracleExample.sol,0
344,IUniswapV2OracleExample.sol,0
345,IUniswapV2OracleExample.sol,0
346,IUniswapV2OracleExample.sol,0
347,IUniswapV2OracleExample.sol,0
348,IUniswapV2OracleExample.sol,0
349,IUniswapV2OracleExample.sol,0
351,IUniswapV2OracleExample.sol,0
352,IUniswapV2OracleExample.sol,0
353,IUniswapV2OracleExample.sol,0
354,IUniswapV2OracleExample.sol,0
355,IUniswapV2OracleExample.sol,0
357,IUniswapV2OracleExample.sol,0
358,IUniswapV2OracleExample.sol,0
359,IUniswapV2OracleExample.sol,0
360,IUniswapV2OracleExample.sol,0
361,IUniswapV2OracleExample.sol,0
363,IUniswapV2OracleExample.sol,0
364,IUniswapV2OracleExample.sol,0
365,IUniswapV2OracleExample.sol,0
366,IUniswapV2OracleExample.sol,0
367,IUniswapV2OracleExample.sol,0
368,IUniswapV2OracleExample.sol,0
369,IUniswapV2OracleExample.sol,0
370,IUniswapV2OracleExample.sol,0
371,IUniswapV2OracleExample.sol,0
372,IUniswapV2OracleExample.sol,0
373,IUniswapV2OracleExample.sol,0
374,IUniswapV2OracleExample.sol,0
376,IUniswapV2OracleExample.sol,0
377,IUniswapV2OracleExample.sol,0
378,IUniswapV2OracleExample.sol,0
379,IUniswapV2OracleExample.sol,0
380,IUniswapV2OracleExample.sol,0
381,IUniswapV2OracleExample.sol,0
382,IUniswapV2OracleExample.sol,0
383,IUniswapV2OracleExample.sol,0
384,IUniswapV2OracleExample.sol,0
385,IUniswapV2OracleExample.sol,0
386,IUniswapV2OracleExample.sol,0
387,IUniswapV2OracleExample.sol,0
388,IUniswapV2OracleExample.sol,0
389,IUniswapV2OracleExample.sol,0
390,IUniswapV2OracleExample.sol,0
391,IUniswapV2OracleExample.sol,0
392,IUniswapV2OracleExample.sol,0
393,IUniswapV2OracleExample.sol,0
394,IUniswapV2OracleExample.sol,0
395,IUniswapV2OracleExample.sol,0
396,IUniswapV2OracleExample.sol,0
397,IUniswapV2OracleExample.sol,0
398,IUniswapV2OracleExample.sol,0
399,IUniswapV2OracleExample.sol,0
400,IUniswapV2OracleExample.sol,0
401,IUniswapV2OracleExample.sol,0
402,IUniswapV2OracleExample.sol,0
403,IUniswapV2OracleExample.sol,0
404,IUniswapV2OracleExample.sol,0
405,IUniswapV2OracleExample.sol,0
406,IUniswapV2OracleExample.sol,0
407,IUniswapV2OracleExample.sol,0
408,IUniswapV2OracleExample.sol,0
409,IUniswapV2OracleExample.sol,0
410,IUniswapV2OracleExample.sol,0
411,IUniswapV2OracleExample.sol,0
412,IUniswapV2OracleExample.sol,0
413,IUniswapV2OracleExample.sol,0
415,IUniswapV2OracleExample.sol,0
416,IUniswapV2OracleExample.sol,0
417,IUniswapV2OracleExample.sol,0
418,IUniswapV2OracleExample.sol,0
419,IUniswapV2OracleExample.sol,0
420,IUniswapV2OracleExample.sol,0
422,IUniswapV2OracleExample.sol,0
423,IUniswapV2OracleExample.sol,0
424,IUniswapV2OracleExample.sol,0
425,IUniswapV2OracleExample.sol,0
427,IUniswapV2OracleExample.sol,0
428,IUniswapV2OracleExample.sol,0
429,IUniswapV2OracleExample.sol,0
430,IUniswapV2OracleExample.sol,0
431,IUniswapV2OracleExample.sol,0
432,IUniswapV2OracleExample.sol,0
433,IUniswapV2OracleExample.sol,0
435,IUniswapV2OracleExample.sol,0
436,IUniswapV2OracleExample.sol,0
437,IUniswapV2OracleExample.sol,0
438,IUniswapV2OracleExample.sol,0
439,IUniswapV2OracleExample.sol,0
440,IUniswapV2OracleExample.sol,0
441,IUniswapV2OracleExample.sol,0
442,IUniswapV2OracleExample.sol,0
443,IUniswapV2OracleExample.sol,0
444,IUniswapV2OracleExample.sol,0
445,IUniswapV2OracleExample.sol,0
446,IUniswapV2OracleExample.sol,0
448,IUniswapV2OracleExample.sol,0
449,IUniswapV2OracleExample.sol,0
450,IUniswapV2OracleExample.sol,0
451,IUniswapV2OracleExample.sol,0
452,IUniswapV2OracleExample.sol,0
453,IUniswapV2OracleExample.sol,0
455,IUniswapV2OracleExample.sol,0
456,IUniswapV2OracleExample.sol,0
457,IUniswapV2OracleExample.sol,0
458,IUniswapV2OracleExample.sol,0
459,IUniswapV2OracleExample.sol,0
460,IUniswapV2OracleExample.sol,0
461,IUniswapV2OracleExample.sol,0
462,IUniswapV2OracleExample.sol,0
463,IUniswapV2OracleExample.sol,0
464,IUniswapV2OracleExample.sol,0
465,IUniswapV2OracleExample.sol,0
467,IUniswapV2OracleExample.sol,0
468,IUniswapV2OracleExample.sol,0
469,IUniswapV2OracleExample.sol,0
471,IUniswapV2OracleExample.sol,0
472,IUniswapV2OracleExample.sol,0
473,IUniswapV2OracleExample.sol,0
474,IUniswapV2OracleExample.sol,0
475,IUniswapV2OracleExample.sol,0
477,IUniswapV2OracleExample.sol,0
478,IUniswapV2OracleExample.sol,0
480,IUniswapV2OracleExample.sol,0
481,IUniswapV2OracleExample.sol,0
482,IUniswapV2OracleExample.sol,0
483,IUniswapV2OracleExample.sol,0
484,IUniswapV2OracleExample.sol,0
485,IUniswapV2OracleExample.sol,0
486,IUniswapV2OracleExample.sol,0
487,IUniswapV2OracleExample.sol,0
488,IUniswapV2OracleExample.sol,0
489,IUniswapV2OracleExample.sol,0
490,IUniswapV2OracleExample.sol,0
491,IUniswapV2OracleExample.sol,0
492,IUniswapV2OracleExample.sol,0
494,IUniswapV2OracleExample.sol,0
495,IUniswapV2OracleExample.sol,0
496,IUniswapV2OracleExample.sol,0
497,IUniswapV2OracleExample.sol,0
498,IUniswapV2OracleExample.sol,0
499,IUniswapV2OracleExample.sol,0
500,IUniswapV2OracleExample.sol,0
502,IUniswapV2OracleExample.sol,0
503,IUniswapV2OracleExample.sol,0
504,IUniswapV2OracleExample.sol,0
505,IUniswapV2OracleExample.sol,0
506,IUniswapV2OracleExample.sol,0
507,IUniswapV2OracleExample.sol,0
508,IUniswapV2OracleExample.sol,0
509,IUniswapV2OracleExample.sol,0
510,IUniswapV2OracleExample.sol,0
512,IUniswapV2OracleExample.sol,0
514,IUniswapV2OracleExample.sol,0
515,IUniswapV2OracleExample.sol,0
516,IUniswapV2OracleExample.sol,0
517,IUniswapV2OracleExample.sol,0
518,IUniswapV2OracleExample.sol,0
519,IUniswapV2OracleExample.sol,0
520,IUniswapV2OracleExample.sol,0
522,IUniswapV2OracleExample.sol,0
523,IUniswapV2OracleExample.sol,0
524,IUniswapV2OracleExample.sol,0
525,IUniswapV2OracleExample.sol,0
526,IUniswapV2OracleExample.sol,0
527,IUniswapV2OracleExample.sol,0
529,IUniswapV2OracleExample.sol,0
530,IUniswapV2OracleExample.sol,0
531,IUniswapV2OracleExample.sol,0
532,IUniswapV2OracleExample.sol,0
533,IUniswapV2OracleExample.sol,0
534,IUniswapV2OracleExample.sol,0
536,IUniswapV2OracleExample.sol,0
537,IUniswapV2OracleExample.sol,0
538,IUniswapV2OracleExample.sol,0
539,IUniswapV2OracleExample.sol,0
540,IUniswapV2OracleExample.sol,0
541,IUniswapV2OracleExample.sol,0
542,IUniswapV2OracleExample.sol,0
543,IUniswapV2OracleExample.sol,0
544,IUniswapV2OracleExample.sol,0
545,IUniswapV2OracleExample.sol,0
546,IUniswapV2OracleExample.sol,0
547,IUniswapV2OracleExample.sol,0
548,IUniswapV2OracleExample.sol,0
549,IUniswapV2OracleExample.sol,0
551,IUniswapV2OracleExample.sol,0
552,IUniswapV2OracleExample.sol,0
553,IUniswapV2OracleExample.sol,0
554,IUniswapV2OracleExample.sol,0
555,IUniswapV2OracleExample.sol,0
556,IUniswapV2OracleExample.sol,0
557,IUniswapV2OracleExample.sol,0
558,IUniswapV2OracleExample.sol,0
559,IUniswapV2OracleExample.sol,0
561,IUniswapV2OracleExample.sol,0
562,IUniswapV2OracleExample.sol,0
563,IUniswapV2OracleExample.sol,0
564,IUniswapV2OracleExample.sol,0
565,IUniswapV2OracleExample.sol,0
566,IUniswapV2OracleExample.sol,0
568,IUniswapV2OracleExample.sol,0
570,IUniswapV2OracleExample.sol,0
571,IUniswapV2OracleExample.sol,0
572,IUniswapV2OracleExample.sol,0
573,IUniswapV2OracleExample.sol,0
574,IUniswapV2OracleExample.sol,0
575,IUniswapV2OracleExample.sol,0
576,IUniswapV2OracleExample.sol,0
577,IUniswapV2OracleExample.sol,0
578,IUniswapV2OracleExample.sol,0
579,IUniswapV2OracleExample.sol,0
580,IUniswapV2OracleExample.sol,0
581,IUniswapV2OracleExample.sol,0
583,IUniswapV2OracleExample.sol,0
584,IUniswapV2OracleExample.sol,0
585,IUniswapV2OracleExample.sol,0
586,IUniswapV2OracleExample.sol,0
587,IUniswapV2OracleExample.sol,0
589,IUniswapV2OracleExample.sol,0
590,IUniswapV2OracleExample.sol,0
591,IUniswapV2OracleExample.sol,0
592,IUniswapV2OracleExample.sol,0
593,IUniswapV2OracleExample.sol,0
594,IUniswapV2OracleExample.sol,0
595,IUniswapV2OracleExample.sol,0
597,IUniswapV2OracleExample.sol,0
598,IUniswapV2OracleExample.sol,0
599,IUniswapV2OracleExample.sol,0
600,IUniswapV2OracleExample.sol,0
601,IUniswapV2OracleExample.sol,0
603,IUniswapV2OracleExample.sol,0
604,IUniswapV2OracleExample.sol,0
605,IUniswapV2OracleExample.sol,0
606,IUniswapV2OracleExample.sol,0
607,IUniswapV2OracleExample.sol,0
608,IUniswapV2OracleExample.sol,0
609,IUniswapV2OracleExample.sol,0
610,IUniswapV2OracleExample.sol,0
611,IUniswapV2OracleExample.sol,0
612,IUniswapV2OracleExample.sol,0
614,IUniswapV2OracleExample.sol,0
615,IUniswapV2OracleExample.sol,0
616,IUniswapV2OracleExample.sol,0
617,IUniswapV2OracleExample.sol,0
619,IUniswapV2OracleExample.sol,0
620,IUniswapV2OracleExample.sol,0
621,IUniswapV2OracleExample.sol,0
622,IUniswapV2OracleExample.sol,0
624,IUniswapV2OracleExample.sol,0
626,IUniswapV2OracleExample.sol,0
627,IUniswapV2OracleExample.sol,0
628,IUniswapV2OracleExample.sol,0
630,IUniswapV2OracleExample.sol,0
632,IUniswapV2OracleExample.sol,0
634,IUniswapV2OracleExample.sol,0
636,IUniswapV2OracleExample.sol,0
638,IUniswapV2OracleExample.sol,0
641,IUniswapV2OracleExample.sol,0
644,IUniswapV2OracleExample.sol,0
646,IUniswapV2OracleExample.sol,0
649,IUniswapV2OracleExample.sol,0
650,IUniswapV2OracleExample.sol,0
653,IUniswapV2OracleExample.sol,0
655,IUniswapV2OracleExample.sol,0
658,IUniswapV2OracleExample.sol,0
662,IUniswapV2OracleExample.sol,0
665,IUniswapV2OracleExample.sol,0
670,IUniswapV2OracleExample.sol,0
674,IUniswapV2OracleExample.sol,0
678,IUniswapV2OracleExample.sol,0
683,IUniswapV2OracleExample.sol,0
693,IUniswapV2OracleExample.sol,0
720,IUniswapV2OracleExample.sol,0
749,IUniswapV2OracleExample.sol,0
792,IUniswapV2OracleExample.sol,0
834,IUniswapV2OracleExample.sol,0
869,IUniswapV2OracleExample.sol,0
905,IUniswapV2OracleExample.sol,0
