0,SSTRewards.sol,0
12,SSTRewards.sol,72.22
27,SSTRewards.sol,72.22
40,SSTRewards.sol,72.22
54,SSTRewards.sol,72.22
69,SSTRewards.sol,72.22
80,SSTRewards.sol,72.22
95,SSTRewards.sol,72.22
112,SSTRewards.sol,72.22
127,SSTRewards.sol,72.22
142,SSTRewards.sol,72.22
156,SSTRewards.sol,72.22
171,SSTRewards.sol,72.22
186,SSTRewards.sol,72.22
203,SSTRewards.sol,72.22
220,SSTRewards.sol,72.22
235,SSTRewards.sol,72.22
247,SSTRewards.sol,72.22
259,SSTRewards.sol,72.22
273,SSTRewards.sol,72.22
288,SSTRewards.sol,72.22
301,SSTRewards.sol,72.22
314,SSTRewards.sol,72.22
328,SSTRewards.sol,72.22
340,SSTRewards.sol,72.22
355,SSTRewards.sol,72.22
369,SSTRewards.sol,72.22
385,SSTRewards.sol,72.22
401,SSTRewards.sol,72.22
419,SSTRewards.sol,72.22
435,SSTRewards.sol,72.22
448,SSTRewards.sol,72.22
461,SSTRewards.sol,72.22
473,SSTRewards.sol,72.22
483,SSTRewards.sol,72.22
496,SSTRewards.sol,72.22
507,SSTRewards.sol,72.22
522,SSTRewards.sol,72.22
535,SSTRewards.sol,72.22
546,SSTRewards.sol,72.22
557,SSTRewards.sol,72.22
570,SSTRewards.sol,72.22
584,SSTRewards.sol,72.22
595,SSTRewards.sol,72.22
606,SSTRewards.sol,72.22
616,SSTRewards.sol,72.22
628,SSTRewards.sol,72.22
642,SSTRewards.sol,72.22
656,SSTRewards.sol,72.22
670,SSTRewards.sol,72.22
683,SSTRewards.sol,72.22
695,SSTRewards.sol,72.22
705,SSTRewards.sol,72.22
715,SSTRewards.sol,72.22
725,SSTRewards.sol,72.22
735,SSTRewards.sol,72.22
745,SSTRewards.sol,72.22
757,SSTRewards.sol,72.22
769,SSTRewards.sol,72.22
780,SSTRewards.sol,72.22
790,SSTRewards.sol,72.22
801,SSTRewards.sol,72.22
811,SSTRewards.sol,72.22
821,SSTRewards.sol,72.22
833,SSTRewards.sol,72.22
843,SSTRewards.sol,72.22
854,SSTRewards.sol,72.22
863,SSTRewards.sol,72.22
874,SSTRewards.sol,72.22
883,SSTRewards.sol,72.22
894,SSTRewards.sol,72.22
903,SSTRewards.sol,72.22
913,SSTRewards.sol,72.22
924,SSTRewards.sol,72.22
934,SSTRewards.sol,72.22
944,SSTRewards.sol,72.22
954,SSTRewards.sol,72.22
964,SSTRewards.sol,72.22
976,SSTRewards.sol,72.22
985,SSTRewards.sol,72.22
995,SSTRewards.sol,72.22
1005,SSTRewards.sol,72.22
1016,SSTRewards.sol,72.22
1025,SSTRewards.sol,72.22
1036,SSTRewards.sol,72.22
1046,SSTRewards.sol,72.22
1057,SSTRewards.sol,72.22
1068,SSTRewards.sol,72.22
1079,SSTRewards.sol,72.22
1090,SSTRewards.sol,72.22
1100,SSTRewards.sol,72.22
1110,SSTRewards.sol,72.22
1121,SSTRewards.sol,72.22
1133,SSTRewards.sol,72.22
1143,SSTRewards.sol,72.22
1154,SSTRewards.sol,72.22
1166,SSTRewards.sol,72.22
1175,SSTRewards.sol,72.22
1187,SSTRewards.sol,72.22
1198,SSTRewards.sol,72.22
1208,SSTRewards.sol,72.22
1219,SSTRewards.sol,72.22
1231,SSTRewards.sol,72.22
1242,SSTRewards.sol,72.22
1253,SSTRewards.sol,72.22
1263,SSTRewards.sol,72.22
1274,SSTRewards.sol,72.22
1287,SSTRewards.sol,72.22
1300,SSTRewards.sol,72.22
1312,SSTRewards.sol,72.22
1326,SSTRewards.sol,72.22
1337,SSTRewards.sol,72.22
1347,SSTRewards.sol,72.22
1358,SSTRewards.sol,72.22
1368,SSTRewards.sol,72.22
1378,SSTRewards.sol,72.22
1390,SSTRewards.sol,72.22
1403,SSTRewards.sol,72.22
1412,SSTRewards.sol,72.22
1422,SSTRewards.sol,72.22
1434,SSTRewards.sol,72.22
1444,SSTRewards.sol,72.22
1455,SSTRewards.sol,72.22
1467,SSTRewards.sol,72.22
1477,SSTRewards.sol,72.22
1491,SSTRewards.sol,72.22
1501,SSTRewards.sol,72.22
1511,SSTRewards.sol,72.22
1521,SSTRewards.sol,72.22
1530,SSTRewards.sol,72.22
1542,SSTRewards.sol,72.22
1550,SSTRewards.sol,72.22
1558,SSTRewards.sol,72.22
1567,SSTRewards.sol,72.22
1576,SSTRewards.sol,72.22
1584,SSTRewards.sol,72.22
1593,SSTRewards.sol,72.22
1602,SSTRewards.sol,72.22
1612,SSTRewards.sol,72.22
1621,SSTRewards.sol,72.22
1631,SSTRewards.sol,72.22
1641,SSTRewards.sol,72.22
1653,SSTRewards.sol,72.22
1662,SSTRewards.sol,72.22
1671,SSTRewards.sol,72.22
1680,SSTRewards.sol,72.22
1691,SSTRewards.sol,72.22
1701,SSTRewards.sol,72.22
1712,SSTRewards.sol,72.22
1722,SSTRewards.sol,72.22
1735,SSTRewards.sol,72.22
1745,SSTRewards.sol,72.22
1755,SSTRewards.sol,72.22
1765,SSTRewards.sol,72.22
1778,SSTRewards.sol,72.22
1792,SSTRewards.sol,72.22
1800,SSTRewards.sol,72.22
