0,AavePoolReward.sol,0
9,AavePoolReward.sol,47.37
19,AavePoolReward.sol,73.68
29,AavePoolReward.sol,73.68
39,AavePoolReward.sol,73.68
49,AavePoolReward.sol,73.68
58,AavePoolReward.sol,73.68
70,AavePoolReward.sol,73.68
80,AavePoolReward.sol,73.68
91,AavePoolReward.sol,73.68
102,AavePoolReward.sol,73.68
111,AavePoolReward.sol,73.68
121,AavePoolReward.sol,73.68
132,AavePoolReward.sol,73.68
140,AavePoolReward.sol,73.68
149,AavePoolReward.sol,73.68
158,AavePoolReward.sol,73.68
168,AavePoolReward.sol,73.68
178,AavePoolReward.sol,73.68
187,AavePoolReward.sol,73.68
197,AavePoolReward.sol,73.68
206,AavePoolReward.sol,73.68
215,AavePoolReward.sol,73.68
225,AavePoolReward.sol,73.68
234,AavePoolReward.sol,73.68
243,AavePoolReward.sol,73.68
252,AavePoolReward.sol,73.68
262,AavePoolReward.sol,73.68
271,AavePoolReward.sol,73.68
280,AavePoolReward.sol,73.68
289,AavePoolReward.sol,73.68
299,AavePoolReward.sol,73.68
308,AavePoolReward.sol,73.68
317,AavePoolReward.sol,73.68
327,AavePoolReward.sol,73.68
336,AavePoolReward.sol,73.68
346,AavePoolReward.sol,73.68
355,AavePoolReward.sol,73.68
365,AavePoolReward.sol,73.68
374,AavePoolReward.sol,73.68
383,AavePoolReward.sol,73.68
393,AavePoolReward.sol,73.68
402,AavePoolReward.sol,73.68
412,AavePoolReward.sol,73.68
422,AavePoolReward.sol,73.68
432,AavePoolReward.sol,73.68
443,AavePoolReward.sol,73.68
457,AavePoolReward.sol,73.68
470,AavePoolReward.sol,73.68
482,AavePoolReward.sol,73.68
497,AavePoolReward.sol,73.68
510,AavePoolReward.sol,73.68
522,AavePoolReward.sol,73.68
536,AavePoolReward.sol,73.68
547,AavePoolReward.sol,73.68
560,AavePoolReward.sol,73.68
571,AavePoolReward.sol,73.68
584,AavePoolReward.sol,73.68
598,AavePoolReward.sol,73.68
611,AavePoolReward.sol,73.68
623,AavePoolReward.sol,73.68
636,AavePoolReward.sol,73.68
650,AavePoolReward.sol,73.68
662,AavePoolReward.sol,73.68
674,AavePoolReward.sol,73.68
686,AavePoolReward.sol,73.68
699,AavePoolReward.sol,73.68
713,AavePoolReward.sol,73.68
723,AavePoolReward.sol,73.68
736,AavePoolReward.sol,73.68
747,AavePoolReward.sol,73.68
759,AavePoolReward.sol,73.68
772,AavePoolReward.sol,73.68
784,AavePoolReward.sol,73.68
798,AavePoolReward.sol,73.68
812,AavePoolReward.sol,73.68
825,AavePoolReward.sol,73.68
838,AavePoolReward.sol,73.68
853,AavePoolReward.sol,73.68
865,AavePoolReward.sol,73.68
876,AavePoolReward.sol,73.68
890,AavePoolReward.sol,73.68
902,AavePoolReward.sol,73.68
914,AavePoolReward.sol,73.68
926,AavePoolReward.sol,73.68
939,AavePoolReward.sol,73.68
953,AavePoolReward.sol,73.68
967,AavePoolReward.sol,73.68
981,AavePoolReward.sol,73.68
994,AavePoolReward.sol,73.68
1006,AavePoolReward.sol,73.68
1018,AavePoolReward.sol,73.68
1031,AavePoolReward.sol,73.68
1045,AavePoolReward.sol,73.68
1059,AavePoolReward.sol,73.68
1072,AavePoolReward.sol,73.68
1084,AavePoolReward.sol,73.68
1100,AavePoolReward.sol,73.68
1113,AavePoolReward.sol,73.68
1127,AavePoolReward.sol,73.68
1142,AavePoolReward.sol,73.68
1155,AavePoolReward.sol,73.68
1167,AavePoolReward.sol,73.68
1181,AavePoolReward.sol,73.68
1197,AavePoolReward.sol,73.68
1210,AavePoolReward.sol,73.68
1218,AavePoolReward.sol,73.68
1227,AavePoolReward.sol,73.68
1237,AavePoolReward.sol,73.68
1247,AavePoolReward.sol,73.68
1256,AavePoolReward.sol,73.68
1266,AavePoolReward.sol,73.68
1276,AavePoolReward.sol,73.68
1285,AavePoolReward.sol,73.68
1295,AavePoolReward.sol,73.68
1305,AavePoolReward.sol,73.68
1318,AavePoolReward.sol,73.68
1333,AavePoolReward.sol,73.68
1347,AavePoolReward.sol,73.68
1362,AavePoolReward.sol,73.68
1375,AavePoolReward.sol,73.68
1388,AavePoolReward.sol,73.68
1401,AavePoolReward.sol,73.68
1414,AavePoolReward.sol,73.68
1428,AavePoolReward.sol,73.68
1440,AavePoolReward.sol,73.68
1454,AavePoolReward.sol,73.68
1469,AavePoolReward.sol,73.68
1483,AavePoolReward.sol,73.68
1497,AavePoolReward.sol,73.68
1510,AavePoolReward.sol,73.68
1525,AavePoolReward.sol,73.68
1537,AavePoolReward.sol,73.68
1552,AavePoolReward.sol,73.68
1565,AavePoolReward.sol,73.68
1580,AavePoolReward.sol,73.68
1596,AavePoolReward.sol,73.68
1610,AavePoolReward.sol,73.68
1624,AavePoolReward.sol,73.68
1639,AavePoolReward.sol,73.68
1653,AavePoolReward.sol,73.68
1666,AavePoolReward.sol,73.68
1678,AavePoolReward.sol,73.68
1691,AavePoolReward.sol,73.68
1705,AavePoolReward.sol,73.68
1717,AavePoolReward.sol,73.68
1731,AavePoolReward.sol,73.68
1744,AavePoolReward.sol,73.68
1758,AavePoolReward.sol,73.68
1772,AavePoolReward.sol,73.68
1787,AavePoolReward.sol,73.68
1801,AavePoolReward.sol,73.68
