0,GAZ_ERC20.sol,0
11,GAZ_ERC20.sol,42.86
20,GAZ_ERC20.sol,42.86
27,GAZ_ERC20.sol,42.86
37,GAZ_ERC20.sol,42.86
51,GAZ_ERC20.sol,42.86
60,GAZ_ERC20.sol,42.86
70,GAZ_ERC20.sol,42.86
80,GAZ_ERC20.sol,42.86
88,GAZ_ERC20.sol,42.86
95,GAZ_ERC20.sol,42.86
105,GAZ_ERC20.sol,42.86
115,GAZ_ERC20.sol,42.86
127,GAZ_ERC20.sol,42.86
138,GAZ_ERC20.sol,42.86
148,GAZ_ERC20.sol,42.86
159,GAZ_ERC20.sol,42.86
171,GAZ_ERC20.sol,42.86
182,GAZ_ERC20.sol,42.86
189,GAZ_ERC20.sol,42.86
196,GAZ_ERC20.sol,42.86
203,GAZ_ERC20.sol,42.86
210,GAZ_ERC20.sol,42.86
220,GAZ_ERC20.sol,42.86
231,GAZ_ERC20.sol,42.86
245,GAZ_ERC20.sol,42.86
256,GAZ_ERC20.sol,42.86
266,GAZ_ERC20.sol,42.86
277,GAZ_ERC20.sol,42.86
289,GAZ_ERC20.sol,42.86
301,GAZ_ERC20.sol,42.86
317,GAZ_ERC20.sol,42.86
328,GAZ_ERC20.sol,42.86
339,GAZ_ERC20.sol,42.86
352,GAZ_ERC20.sol,42.86
361,GAZ_ERC20.sol,42.86
372,GAZ_ERC20.sol,42.86
382,GAZ_ERC20.sol,42.86
389,GAZ_ERC20.sol,42.86
396,GAZ_ERC20.sol,42.86
401,GAZ_ERC20.sol,42.86
407,GAZ_ERC20.sol,42.86
413,GAZ_ERC20.sol,42.86
420,GAZ_ERC20.sol,42.86
426,GAZ_ERC20.sol,42.86
432,GAZ_ERC20.sol,42.86
439,GAZ_ERC20.sol,42.86
447,GAZ_ERC20.sol,42.86
453,GAZ_ERC20.sol,42.86
460,GAZ_ERC20.sol,42.86
471,GAZ_ERC20.sol,42.86
481,GAZ_ERC20.sol,42.86
488,GAZ_ERC20.sol,42.86
498,GAZ_ERC20.sol,42.86
506,GAZ_ERC20.sol,42.86
516,GAZ_ERC20.sol,42.86
523,GAZ_ERC20.sol,42.86
529,GAZ_ERC20.sol,42.86
538,GAZ_ERC20.sol,42.86
546,GAZ_ERC20.sol,42.86
551,GAZ_ERC20.sol,42.86
554,GAZ_ERC20.sol,42.86
557,GAZ_ERC20.sol,42.86
563,GAZ_ERC20.sol,42.86
568,GAZ_ERC20.sol,42.86
572,GAZ_ERC20.sol,42.86
576,GAZ_ERC20.sol,42.86
580,GAZ_ERC20.sol,42.86
583,GAZ_ERC20.sol,42.86
590,GAZ_ERC20.sol,42.86
597,GAZ_ERC20.sol,42.86
600,GAZ_ERC20.sol,42.86
604,GAZ_ERC20.sol,42.86
608,GAZ_ERC20.sol,42.86
611,GAZ_ERC20.sol,42.86
616,GAZ_ERC20.sol,42.86
622,GAZ_ERC20.sol,42.86
629,GAZ_ERC20.sol,42.86
633,GAZ_ERC20.sol,42.86
636,GAZ_ERC20.sol,42.86
640,GAZ_ERC20.sol,42.86
645,GAZ_ERC20.sol,42.86
649,GAZ_ERC20.sol,42.86
652,GAZ_ERC20.sol,42.86
657,GAZ_ERC20.sol,42.86
661,GAZ_ERC20.sol,42.86
666,GAZ_ERC20.sol,42.86
671,GAZ_ERC20.sol,42.86
674,GAZ_ERC20.sol,42.86
681,GAZ_ERC20.sol,42.86
687,GAZ_ERC20.sol,42.86
694,GAZ_ERC20.sol,42.86
701,GAZ_ERC20.sol,42.86
709,GAZ_ERC20.sol,42.86
716,GAZ_ERC20.sol,42.86
719,GAZ_ERC20.sol,42.86
723,GAZ_ERC20.sol,42.86
726,GAZ_ERC20.sol,42.86
731,GAZ_ERC20.sol,42.86
737,GAZ_ERC20.sol,42.86
743,GAZ_ERC20.sol,42.86
748,GAZ_ERC20.sol,42.86
754,GAZ_ERC20.sol,42.86
760,GAZ_ERC20.sol,42.86
767,GAZ_ERC20.sol,42.86
777,GAZ_ERC20.sol,42.86
783,GAZ_ERC20.sol,42.86
787,GAZ_ERC20.sol,42.86
793,GAZ_ERC20.sol,42.86
800,GAZ_ERC20.sol,42.86
806,GAZ_ERC20.sol,42.86
812,GAZ_ERC20.sol,42.86
818,GAZ_ERC20.sol,42.86
822,GAZ_ERC20.sol,42.86
828,GAZ_ERC20.sol,42.86
834,GAZ_ERC20.sol,42.86
840,GAZ_ERC20.sol,42.86
846,GAZ_ERC20.sol,42.86
851,GAZ_ERC20.sol,42.86
857,GAZ_ERC20.sol,42.86
864,GAZ_ERC20.sol,42.86
869,GAZ_ERC20.sol,42.86
875,GAZ_ERC20.sol,42.86
880,GAZ_ERC20.sol,42.86
886,GAZ_ERC20.sol,42.86
892,GAZ_ERC20.sol,42.86
899,GAZ_ERC20.sol,42.86
904,GAZ_ERC20.sol,42.86
909,GAZ_ERC20.sol,42.86
915,GAZ_ERC20.sol,42.86
920,GAZ_ERC20.sol,42.86
925,GAZ_ERC20.sol,42.86
931,GAZ_ERC20.sol,42.86
937,GAZ_ERC20.sol,42.86
942,GAZ_ERC20.sol,42.86
948,GAZ_ERC20.sol,42.86
955,GAZ_ERC20.sol,42.86
964,GAZ_ERC20.sol,42.86
971,GAZ_ERC20.sol,42.86
976,GAZ_ERC20.sol,42.86
982,GAZ_ERC20.sol,42.86
987,GAZ_ERC20.sol,42.86
990,GAZ_ERC20.sol,42.86
995,GAZ_ERC20.sol,42.86
1002,GAZ_ERC20.sol,42.86
1008,GAZ_ERC20.sol,42.86
1016,GAZ_ERC20.sol,42.86
1023,GAZ_ERC20.sol,42.86
1028,GAZ_ERC20.sol,42.86
1033,GAZ_ERC20.sol,42.86
1038,GAZ_ERC20.sol,42.86
1043,GAZ_ERC20.sol,42.86
1048,GAZ_ERC20.sol,42.86
1052,GAZ_ERC20.sol,42.86
1056,GAZ_ERC20.sol,42.86
1062,GAZ_ERC20.sol,42.86
1068,GAZ_ERC20.sol,42.86
1074,GAZ_ERC20.sol,42.86
1081,GAZ_ERC20.sol,42.86
1086,GAZ_ERC20.sol,42.86
1091,GAZ_ERC20.sol,42.86
1097,GAZ_ERC20.sol,42.86
1104,GAZ_ERC20.sol,42.86
1110,GAZ_ERC20.sol,42.86
1117,GAZ_ERC20.sol,42.86
1123,GAZ_ERC20.sol,42.86
1128,GAZ_ERC20.sol,42.86
1134,GAZ_ERC20.sol,42.86
1139,GAZ_ERC20.sol,42.86
1145,GAZ_ERC20.sol,42.86
1151,GAZ_ERC20.sol,42.86
1156,GAZ_ERC20.sol,42.86
1161,GAZ_ERC20.sol,42.86
1167,GAZ_ERC20.sol,42.86
1172,GAZ_ERC20.sol,42.86
1176,GAZ_ERC20.sol,42.86
1179,GAZ_ERC20.sol,42.86
1183,GAZ_ERC20.sol,42.86
1187,GAZ_ERC20.sol,42.86
1191,GAZ_ERC20.sol,42.86
1194,GAZ_ERC20.sol,42.86
1198,GAZ_ERC20.sol,42.86
1202,GAZ_ERC20.sol,42.86
1206,GAZ_ERC20.sol,42.86
1212,GAZ_ERC20.sol,42.86
1218,GAZ_ERC20.sol,42.86
1224,GAZ_ERC20.sol,42.86
1230,GAZ_ERC20.sol,42.86
1234,GAZ_ERC20.sol,42.86
1238,GAZ_ERC20.sol,42.86
1241,GAZ_ERC20.sol,42.86
1245,GAZ_ERC20.sol,42.86
1250,GAZ_ERC20.sol,42.86
1254,GAZ_ERC20.sol,42.86
1259,GAZ_ERC20.sol,42.86
1267,GAZ_ERC20.sol,42.86
1273,GAZ_ERC20.sol,42.86
1280,GAZ_ERC20.sol,42.86
1286,GAZ_ERC20.sol,42.86
1292,GAZ_ERC20.sol,42.86
1298,GAZ_ERC20.sol,42.86
1304,GAZ_ERC20.sol,42.86
1311,GAZ_ERC20.sol,42.86
1317,GAZ_ERC20.sol,42.86
1323,GAZ_ERC20.sol,42.86
1329,GAZ_ERC20.sol,42.86
1334,GAZ_ERC20.sol,42.86
1339,GAZ_ERC20.sol,42.86
1346,GAZ_ERC20.sol,42.86
1353,GAZ_ERC20.sol,42.86
1360,GAZ_ERC20.sol,42.86
1365,GAZ_ERC20.sol,42.86
1371,GAZ_ERC20.sol,42.86
1376,GAZ_ERC20.sol,42.86
1381,GAZ_ERC20.sol,42.86
1387,GAZ_ERC20.sol,42.86
1393,GAZ_ERC20.sol,42.86
1403,GAZ_ERC20.sol,42.86
1408,GAZ_ERC20.sol,42.86
1415,GAZ_ERC20.sol,42.86
1421,GAZ_ERC20.sol,42.86
1426,GAZ_ERC20.sol,42.86
1431,GAZ_ERC20.sol,42.86
1437,GAZ_ERC20.sol,42.86
1443,GAZ_ERC20.sol,42.86
1448,GAZ_ERC20.sol,42.86
1454,GAZ_ERC20.sol,42.86
1460,GAZ_ERC20.sol,42.86
1466,GAZ_ERC20.sol,42.86
1474,GAZ_ERC20.sol,42.86
1480,GAZ_ERC20.sol,42.86
1487,GAZ_ERC20.sol,42.86
1492,GAZ_ERC20.sol,42.86
1498,GAZ_ERC20.sol,42.86
1503,GAZ_ERC20.sol,42.86
1508,GAZ_ERC20.sol,42.86
1514,GAZ_ERC20.sol,42.86
1520,GAZ_ERC20.sol,42.86
1525,GAZ_ERC20.sol,42.86
1532,GAZ_ERC20.sol,42.86
1537,GAZ_ERC20.sol,42.86
1540,GAZ_ERC20.sol,42.86
1544,GAZ_ERC20.sol,42.86
1548,GAZ_ERC20.sol,42.86
1551,GAZ_ERC20.sol,42.86
1555,GAZ_ERC20.sol,42.86
1559,GAZ_ERC20.sol,42.86
1564,GAZ_ERC20.sol,42.86
1568,GAZ_ERC20.sol,42.86
1572,GAZ_ERC20.sol,42.86
1577,GAZ_ERC20.sol,42.86
1581,GAZ_ERC20.sol,42.86
1586,GAZ_ERC20.sol,42.86
1591,GAZ_ERC20.sol,42.86
1598,GAZ_ERC20.sol,42.86
1603,GAZ_ERC20.sol,42.86
1606,GAZ_ERC20.sol,42.86
1611,GAZ_ERC20.sol,42.86
1615,GAZ_ERC20.sol,42.86
1619,GAZ_ERC20.sol,42.86
1623,GAZ_ERC20.sol,42.86
1626,GAZ_ERC20.sol,42.86
1631,GAZ_ERC20.sol,42.86
1635,GAZ_ERC20.sol,42.86
1643,GAZ_ERC20.sol,42.86
1655,GAZ_ERC20.sol,42.86
1665,GAZ_ERC20.sol,42.86
1673,GAZ_ERC20.sol,42.86
1680,GAZ_ERC20.sol,42.86
1687,GAZ_ERC20.sol,42.86
1691,GAZ_ERC20.sol,42.86
1696,GAZ_ERC20.sol,42.86
1702,GAZ_ERC20.sol,42.86
1708,GAZ_ERC20.sol,42.86
1713,GAZ_ERC20.sol,42.86
1720,GAZ_ERC20.sol,42.86
1727,GAZ_ERC20.sol,42.86
1735,GAZ_ERC20.sol,42.86
1741,GAZ_ERC20.sol,42.86
1744,GAZ_ERC20.sol,42.86
1749,GAZ_ERC20.sol,42.86
1755,GAZ_ERC20.sol,42.86
1761,GAZ_ERC20.sol,42.86
1766,GAZ_ERC20.sol,42.86
1772,GAZ_ERC20.sol,42.86
1777,GAZ_ERC20.sol,42.86
1783,GAZ_ERC20.sol,42.86
1788,GAZ_ERC20.sol,42.86
1793,GAZ_ERC20.sol,42.86
1797,GAZ_ERC20.sol,42.86
1800,GAZ_ERC20.sol,42.86
